month_key,cluster,cluster_label,count,total_reports_month,normalized_rate,pct_change,rolling_mean_rate,max_rate_z
2015-01,-1,Noise,1,1,1.0,0.0,1.0,3.318374702207418
2023-12,-1,Noise,1,1,1.0,0.0,1.0,3.318374702207418
2024-01,-1,Noise,88,397,0.2216624685138539,-77.8337531486146,1.0,-0.32904712018462096
2024-02,-1,Noise,69,357,0.19327731092436976,-12.805576776165006,0.7405541561712846,-0.46206478801600226
2024-03,-1,Noise,95,479,0.19832985386221294,2.6141417808840828,0.47164659314607454,-0.43838771396449866
2024-04,-1,Noise,89,476,0.1869747899159664,-5.7253427686864145,0.20442321110014552,-0.4915994715333728
2024-05,-1,Noise,110,487,0.22587268993839835,20.80382068615463,0.19286065156751633,-0.30931730775778793
2024-06,-1,Noise,126,473,0.266384778012685,17.935806265615994,0.2037257779055259,-0.11947078470668727
2024-07,-1,Noise,120,447,0.2684563758389262,0.7776712474699021,0.22641075262234991,-0.10976292556718947
2024-08,-1,Noise,102,458,0.22270742358078602,-17.041484716157207,0.2535712812633365,-0.3241502833235359
2024-09,-1,Noise,87,366,0.23770491803278687,6.734169077467045,0.2525161924774657,-0.253869477975522
2024-10,-1,Noise,112,415,0.26987951807228916,13.535521395928551,0.242956239150833,-0.10309383943379352
2024-11,-1,Noise,95,368,0.25815217391304346,-4.34539984472051,0.24343061989528736,-0.15805016528828683
2024-12,-1,Noise,90,391,0.23017902813299232,-10.83591331269349,0.2552455366727065,-0.2891370758273405
2025-01,-1,Noise,90,403,0.22332506203473945,-2.977667493796521,0.2527369067061083,-0.3212559246627158
2025-02,-1,Noise,126,451,0.2793791574279379,25.099778270509976,0.23721875469359174,-0.05857691651927236
2025-03,-1,Noise,125,510,0.24509803921568626,-12.270463741051973,0.24429441586522319,-0.2192240568731785
2025-04,-1,Noise,115,528,0.2178030303030303,-11.136363636363633,0.24926741955945453,-0.3471331029143157
2025-05,-1,Noise,117,475,0.2463157894736842,13.09107551487414,0.24742674231555148,-0.21351747240876956
2025-06,-1,Noise,124,513,0.24171539961013644,-1.8676796454574318,0.23640561966413354,-0.23507568038542545
2025-07,-1,Noise,124,475,0.26105263157894737,8.000000000000007,0.23527807312895024,-0.14445812821236367
2025-08,-1,Noise,143,526,0.2718631178707224,4.141113700478338,0.2496946068875893,-0.09379835399332723
2025-09,-1,Noise,125,501,0.249500998003992,-8.225507027902236,0.2582103830199354,-0.19859104443589376
2025-10,-1,Noise,62,268,0.23134328358208955,-7.277611940298501,0.2608055824845539,-0.28368117712004337
2025-11,-1,Noise,1,20,0.05,-78.38709677419355,0.25090246648560127,-1.133486593310891
2024-01,0,Cluster 0,16,397,0.04030226700251889,0.0,0.04030226700251889,0.18456895974821233
2024-02,0,Cluster 0,20,357,0.056022408963585436,39.00560224089637,0.04030226700251889,1.0024436213386296
2024-03,0,Cluster 0,22,479,0.04592901878914405,-18.01670146137787,0.04816233798305217,0.4773129899698773
2024-04,0,Cluster 0,23,476,0.04831932773109244,5.204354469060357,0.04741789825174946,0.6016740244843487
2024-05,0,Cluster 0,31,487,0.06365503080082136,31.73823765735202,0.05009025182794064,1.3995474145255855
2024-06,0,Cluster 0,21,473,0.04439746300211417,-30.253017799904512,0.052634459107019284,0.3976304607582311
2024-07,0,Cluster 0,22,447,0.049217002237136466,10.855438372216897,0.05212394051134265,0.6483774979432673
2024-08,0,Cluster 0,22,458,0.048034934497816595,-2.4017467248908297,0.05242316534669067,0.5868778464345479
2024-09,0,Cluster 0,26,366,0.07103825136612021,47.888723298559356,0.04721646657902242,1.7836755627475702
2024-10,0,Cluster 0,10,415,0.024096385542168676,-66.07970342910102,0.05609672936702443,-0.6585773583947756
2024-11,0,Cluster 0,17,368,0.04619565217391304,91.71195652173911,0.04772319046870183,0.491185173177684
2024-12,0,Cluster 0,10,391,0.02557544757033248,-44.63667820069204,0.04711009636073399,-0.5816259314450896
2025-01,0,Cluster 0,12,403,0.02977667493796526,16.42679900744417,0.03195582842880474,-0.3630479173230125
2025-02,0,Cluster 0,15,451,0.03325942350332594,11.696230598669622,0.03384925822740361,-0.18185032945430718
2025-03,0,Cluster 0,25,510,0.049019607843137254,47.38562091503269,0.029537182003874573,0.6381076241983741
2025-04,0,Cluster 0,20,528,0.03787878787878788,-22.72727272727273,0.03735190209480949,0.058482174202513344
2025-05,0,Cluster 0,6,475,0.01263157894736842,-66.65263157894736,0.040052606408417034,-1.2550589192575803
2025-06,0,Cluster 0,3,513,0.005847953216374269,-53.703703703703695,0.03317665822309786,-1.6079918388733054
2025-08,0,Cluster 0,1,526,0.0019011406844106464,-67.49049429657794,0.01878610668084353,-1.8133333664457167
2025-09,0,Cluster 0,1,501,0.001996007984031936,4.990019960079839,0.006793557616051121,-1.8083976883350534
2024-01,1,Cluster 1,2,397,0.005037783375314861,0.0,0.005037783375314861,-1.4669093700223026
2024-02,1,Cluster 1,9,357,0.025210084033613446,400.4201680672269,0.005037783375314861,0.8394341882691219
2024-03,1,Cluster 1,5,479,0.010438413361169102,-58.594293667362564,0.015123933704464153,-0.8494434503149071
2024-04,1,Cluster 1,7,476,0.014705882352941176,40.88235294117648,0.01356209359003247,-0.36153432254107687
2024-05,1,Cluster 1,10,487,0.02053388090349076,39.63039014373717,0.01678479324924124,0.3047935863314398
2024-06,1,Cluster 1,7,473,0.014799154334038054,-27.92811839323467,0.01522605887253368,-0.35087033153599695
2024-07,1,Cluster 1,3,447,0.006711409395973154,-54.650047938638544,0.016679639196823328,-1.275560021372463
2024-08,1,Cluster 1,4,458,0.008733624454148471,30.13100436681222,0.014014814877833992,-1.0443557203903688
2024-09,1,Cluster 1,8,366,0.02185792349726776,150.27322404371586,0.01008139606138656,0.4561742919231349
2024-10,1,Cluster 1,6,415,0.014457831325301205,-33.855421686746986,0.012434319115796462,-0.3898945427963538
2024-11,1,Cluster 1,4,368,0.010869565217391304,-24.818840579710145,0.01501645975890581,-0.8001489090978451
2024-12,1,Cluster 1,13,391,0.03324808184143223,205.8823529411765,0.015728440013320088,1.7584361791499699
2025-01,1,Cluster 1,6,403,0.01488833746898263,-55.22046192021379,0.01952515946137491,-0.3406738273160858
2025-02,1,Cluster 1,15,451,0.03325942350332594,123.39246119733924,0.019668661509268718,1.7597328963312162
2025-03,1,Cluster 1,14,510,0.027450980392156862,-17.4640522875817,0.027131947604580264,1.095640803908631
2025-04,1,Cluster 1,4,528,0.007575757575757576,-72.40259740259741,0.025199580454821808,-1.1767371904849693
2025-05,1,Cluster 1,7,475,0.014736842105263158,94.52631578947368,0.022762053823746787,-0.3579946258776363
2025-06,1,Cluster 1,11,513,0.021442495126705652,45.50264550264549,0.01658786002439253,0.4086774514483097
2025-07,1,Cluster 1,8,475,0.016842105263157894,-21.45454545454545,0.01458503160257546,-0.1172952527636765
2025-08,1,Cluster 1,10,526,0.019011406844106463,12.88022813688212,0.017673814165042233,0.1307257742853087
2025-09,1,Cluster 1,7,501,0.013972055888223553,-26.506986027944112,0.019098669077990002,-0.44543431830626046
2025-10,1,Cluster 1,10,268,0.03731343283582089,167.05756929637525,0.016608522665162634,2.223236711172813
2024-01,2,Cluster 2,3,397,0.007556675062972292,0.0,0.007556675062972292,-1.0539841673637176
2024-02,2,Cluster 2,4,357,0.011204481792717087,48.272642390289455,0.007556675062972292,-0.8878853287754515
2024-03,2,Cluster 2,5,479,0.010438413361169102,-6.837160751565763,0.009380578427844689,-0.9227674061952048
2024-04,2,Cluster 2,12,476,0.025210084033613446,141.51260504201684,0.00973319007228616,-0.25015574541431385
2024-05,2,Cluster 2,3,487,0.006160164271047228,-75.564681724846,0.015617659729166546,-1.117572739291968
2024-06,2,Cluster 2,11,473,0.023255813953488372,277.5193798449612,0.013936220555276595,-0.3391412686740075
2024-07,2,Cluster 2,18,447,0.040268456375838924,73.15436241610738,0.018208687419383016,0.4355105583068555
2024-08,2,Cluster 2,22,458,0.048034934497816595,19.286754002911223,0.02322814486679151,0.7891485362903874
2024-09,2,Cluster 2,16,366,0.04371584699453552,-8.991554893194243,0.037186401609047966,0.592483671289091
2024-10,2,Cluster 2,18,415,0.043373493975903614,-0.7831325301204783,0.04400641262273034,0.576895005826564
2024-11,2,Cluster 2,9,368,0.024456521739130436,-43.6141304347826,0.045041425156085245,-0.284468369736462
2024-12,2,Cluster 2,8,391,0.020460358056265986,-16.33986928104575,0.037181954236523186,-0.46642925629330834
2025-01,2,Cluster 2,10,403,0.02481389578163772,21.27791563275434,0.029430124590433347,-0.268195738591279
2025-02,2,Cluster 2,7,451,0.015521064301552107,-37.450110864745014,0.023243591859011384,-0.6913345259213537
2025-03,2,Cluster 2,6,510,0.011764705882352941,-24.20168067226891,0.020265106046485275,-0.862376145441006
2025-04,2,Cluster 2,8,528,0.015151515151515152,28.787878787878785,0.017366555321847593,-0.7081615371009491
2025-05,2,Cluster 2,17,475,0.035789473684210524,136.21052631578948,0.014145761778473404,0.23156504302774114
2025-06,2,Cluster 2,16,513,0.031189083820662766,-12.85403050108932,0.020901898239359545,0.022091386663832525
2025-07,2,Cluster 2,15,475,0.031578947368421054,1.2500000000000178,0.02737669088546282,0.039843391440435076
2025-08,2,Cluster 2,21,526,0.039923954372623575,26.425855513307983,0.03285250162443145,0.41982404121185474
2025-09,2,Cluster 2,9,501,0.017964071856287425,-55.00427715996579,0.03423066185390247,-0.5800948831532499
2025-10,2,Cluster 2,21,268,0.07835820895522388,336.1940298507463,0.02982232453244402,2.169885248161347
2025-11,2,Cluster 2,2,20,0.1,27.61904761904761,0.04541541172804497,3.155320229734161
2024-01,3,Cluster 3,10,397,0.02518891687657431,0.0,0.02518891687657431,0.7929397395670215
2024-02,3,Cluster 3,7,357,0.0196078431372549,-22.15686274509804,0.02518891687657431,0.1962737912378237
2024-03,3,Cluster 3,16,479,0.033402922755741124,70.35490605427974,0.022398380006914603,1.6710893280496737
2024-04,3,Cluster 3,15,476,0.031512605042016806,-5.659138655462181,0.02606656092319011,1.4689977119943833
2024-05,3,Cluster 3,11,487,0.022587268993839837,-28.32306639288158,0.02817445697833761,0.5148006620927088
2024-06,3,Cluster 3,6,473,0.012684989429175475,-43.84009225446858,0.029167598930532588,-0.5438402559525348
2024-07,3,Cluster 3,5,447,0.011185682326621925,-11.81953765846383,0.022261621155010708,-0.7041293931268643
2024-08,3,Cluster 3,2,458,0.004366812227074236,-60.96069868995634,0.015485980249879079,-1.4331266765378488
2024-09,3,Cluster 3,5,366,0.01366120218579235,212.8415300546448,0.009412494660957211,-0.43947451247663905
2024-10,3,Cluster 3,3,415,0.007228915662650603,-47.084337349397586,0.009737898913162837,-1.1271426060222927
2024-11,3,Cluster 3,9,368,0.024456521739130436,238.31521739130434,0.008418976691839062,0.7146402474538907
2024-12,3,Cluster 3,10,391,0.02557544757033248,4.575163398692794,0.015115546529191129,0.8342632758114443
2025-01,3,Cluster 3,9,403,0.022332506203473945,-12.679900744416873,0.019086961657371174,0.4875642755096505
2025-02,3,Cluster 3,4,451,0.008869179600886918,-60.28578467602858,0.024121491837645618,-0.9517839413762843
2025-03,3,Cluster 3,1,510,0.00196078431372549,-77.8921568627451,0.01892571112489778,-1.6903522560013118
2025-04,3,Cluster 3,6,528,0.011363636363636364,479.54545454545456,0.011054156706028785,-0.6851045389117724
2025-05,3,Cluster 3,13,475,0.02736842105263158,140.8421052631579,0.007397866759416258,1.0259479359886015
2025-06,3,Cluster 3,15,513,0.029239766081871343,6.8376068376068355,0.013564280576664478,1.2260112049355973
2025-07,3,Cluster 3,12,475,0.02526315789473684,-13.600000000000001,0.022657274499379765,0.8008767584232308
2025-08,3,Cluster 3,3,526,0.005703422053231939,-77.42395437262357,0.02729044834307992,-1.290231311466438
2025-09,3,Cluster 3,10,501,0.01996007984031936,249.96673320026613,0.020068782009946707,0.23393099776954301
2025-10,3,Cluster 3,2,268,0.007462686567164179,-62.61194029850746,0.016975553262762715,-1.102150436961581
2024-01,4,Cluster 4,3,397,0.007556675062972292,0.0,0.007556675062972292,-0.17668051991241077
2024-02,4,Cluster 4,5,357,0.014005602240896359,85.34080298786182,0.007556675062972292,1.2567066117653445
2024-03,4,Cluster 4,8,479,0.016701461377870562,19.248434237995802,0.010781138651934325,1.8559085703457832
2024-04,4,Cluster 4,5,476,0.01050420168067227,-37.10609243697478,0.012754579560579737,0.47845894864161814
2024-05,4,Cluster 4,6,487,0.012320328542094456,17.289527720739216,0.013737088433146397,0.8821249849969637
2024-06,4,Cluster 4,1,473,0.0021141649048625794,-82.8400281888654,0.013175330533545762,-1.3863738238413241
2024-07,4,Cluster 4,2,447,0.0044742729306487695,111.63310961968679,0.008312898375876435,-0.86179843630837
2024-08,4,Cluster 4,5,458,0.010917030567685589,143.99563318777294,0.006302922125868602,0.5702174067391751
2024-09,4,Cluster 4,1,366,0.00273224043715847,-74.97267759562841,0.005835156134398979,-1.2489957003248175
2024-10,4,Cluster 4,2,415,0.004819277108433735,76.38554216867473,0.006041181311830943,-0.785115208979507
2024-11,4,Cluster 4,4,368,0.010869565217391304,125.54347826086953,0.006156182704425931,0.5596674004458329
2024-12,4,Cluster 4,4,391,0.010230179028132993,-5.88235294117646,0.006140360920994503,0.41755260978845693
2025-01,4,Cluster 4,7,403,0.017369727047146403,69.78908188585606,0.008639673784652678,2.004442331769084
2025-02,4,Cluster 4,2,451,0.004434589800443459,-74.46943300601838,0.0128231570975569,-0.8706187077444781
2025-03,4,Cluster 4,2,510,0.00392156862745098,-11.568627450980395,0.01067816529190762,-0.9846466580309878
2025-04,4,Cluster 4,4,528,0.007575757575757576,93.18181818181819,0.008575295158346949,-0.17243909688004413
2025-05,4,Cluster 4,5,475,0.010526315789473684,38.947368421052616,0.0053106386678840045,0.48337419704029405
2025-06,4,Cluster 4,2,513,0.003898635477582846,-62.96296296296296,0.007341213997560746,-0.989743952666652
2025-07,4,Cluster 4,5,475,0.010526315789473684,170.00000000000003,0.007333569614271368,0.48337419704029405
2025-08,4,Cluster 4,1,526,0.0019011406844106464,-81.93916349809886,0.008317089018843404,-1.4337221917026863
2025-09,4,Cluster 4,4,501,0.007984031936127744,319.96007984031934,0.005442030650489059,-0.08169296218156735
2024-01,5,Cluster 5,6,397,0.015113350125944584,0.0,0.015113350125944584,0.36148734493475637
2024-02,5,Cluster 5,5,357,0.014005602240896359,-7.3295985060690905,0.015113350125944584,0.20423195997946766
2024-03,5,Cluster 5,7,479,0.014613778705636743,4.342379958246334,0.014559476183420472,0.2905684137650075
2024-04,5,Cluster 5,8,476,0.01680672268907563,15.006002400960394,0.01457757702415923,0.6018777423186373
2024-05,5,Cluster 5,10,487,0.02053388090349076,22.176591375770016,0.01514203454520291,1.1309834239526866
2024-06,5,Cluster 5,11,473,0.023255813953488372,13.255813953488381,0.017318127432734375,1.5173877993320748
2024-07,5,Cluster 5,8,447,0.017897091722595078,-23.042505592841167,0.020198805848684918,0.756666033430529
2024-08,5,Cluster 5,6,458,0.013100436681222707,-26.801310043668124,0.0205622621931914,0.07573506961659167
2024-09,5,Cluster 5,9,366,0.02459016393442623,87.70491803278688,0.018084447452435384,1.7068115145561664
2024-10,5,Cluster 5,9,415,0.021686746987951807,-11.807228915662648,0.01852923077941467,1.2946437679360343
2024-11,5,Cluster 5,2,368,0.005434782608695652,-74.93961352657004,0.019792449201200248,-1.0124776892431009
2024-12,5,Cluster 5,3,391,0.0076726342710997444,41.176470588235304,0.017237231177024564,-0.6947932870482206
2025-01,5,Cluster 5,5,403,0.01240694789081886,61.70388751033913,0.0115980546225824,-0.022712283042887253
2025-02,5,Cluster 5,4,451,0.008869179600886918,-28.514412416851442,0.00850478825687142,-0.5249322573032229
2025-03,5,Cluster 5,9,510,0.01764705882352941,98.97058823529412,0.009649587254268508,0.7211714770203883
2025-04,5,Cluster 5,3,528,0.005681818181818182,-67.8030303030303,0.01297439543841173,-0.9774086318579517
2025-05,5,Cluster 5,7,475,0.014736842105263158,159.36842105263156,0.010732685535411506,0.30803843789537716
2025-06,5,Cluster 5,1,513,0.001949317738791423,-86.77248677248677,0.012688573036870252,-1.5072726938312282
2025-07,5,Cluster 5,1,475,0.002105263157894737,8.000000000000007,0.007455992675290921,-1.485134753200416
2025-08,5,Cluster 5,2,526,0.0038022813688212928,80.6083650190114,0.006263807667316439,-1.244226821316824
2025-09,5,Cluster 5,1,501,0.001996007984031936,-47.50499001996008,0.002618954088502484,-1.5006445678938594
2024-01,6,Cluster 6,5,397,0.012594458438287154,0.0,0.012594458438287154,-0.512132632877161
2024-02,6,Cluster 6,2,357,0.0056022408963585435,-55.51820728291317,0.012594458438287154,-0.7965819799855388
2024-03,6,Cluster 6,6,479,0.012526096033402923,123.59081419624216,0.009098349667322848,-0.5149136735583859
2024-04,6,Cluster 6,3,476,0.0063025210084033615,-49.68487394957983,0.01024093178934954,-0.7680939903785697
2024-05,6,Cluster 6,4,487,0.008213552361396304,30.32169746748803,0.008143619312721609,-0.6903516121698179
2024-06,6,Cluster 6,5,473,0.010570824524312896,28.699788583509502,0.009014056467734196,-0.5944557788840829
2024-07,6,Cluster 6,4,447,0.008948545861297539,-15.346756152125284,0.00836229929803752,-0.6604514524676726
2024-08,6,Cluster 6,2,458,0.004366812227074236,-51.20087336244541,0.00924430758233558,-0.8468402673270916
2024-09,6,Cluster 6,3,366,0.00819672131147541,87.7049180327869,0.00796206087089489,-0.6910363135728331
2024-10,6,Cluster 6,4,415,0.00963855421686747,17.59036144578314,0.007170693133282395,-0.6323813266364535
2024-11,6,Cluster 6,2,368,0.005434782608695652,-43.614130434782616,0.0074006959184723725,-0.8033943253263359
2024-12,6,Cluster 6,2,391,0.005115089514066497,-5.88235294117646,0.007756686045679511,-0.8163997118860391
2025-02,6,Cluster 6,16,451,0.03547671840354767,593.5698447893569,0.0067294754465432064,0.4187371331809531
2025-03,6,Cluster 6,26,510,0.050980392156862744,43.700980392156865,0.015342196842103273,1.049439746546067
2025-04,6,Cluster 6,23,528,0.043560606060606064,-14.554195804195802,0.030524066691492307,0.7475965475740431
2025-05,6,Cluster 6,11,475,0.023157894736842106,-46.837528604118994,0.04333923887367216,-0.08240307421756085
2025-06,6,Cluster 6,17,513,0.03313840155945419,43.09764309764308,0.039232964318103636,0.323612418361017
2025-07,6,Cluster 6,13,475,0.02736842105263158,-17.411764705882348,0.033285634118967455,0.08888471171402673
2025-08,6,Cluster 6,30,526,0.057034220532319393,108.39426732962853,0.02788823911630929,1.295714625520992
2025-09,6,Cluster 6,30,501,0.059880239520958084,4.990019960079839,0.03918034771480172,1.4114930947007465
2025-10,6,Cluster 6,27,268,0.10074626865671642,68.24626865671641,0.04809429370196969,3.073957861689698
2024-01,7,Cluster 7,3,397,0.007556675062972292,0.0,0.007556675062972292,1.2980285584011733
2024-02,7,Cluster 7,1,357,0.0028011204481792717,-62.931839402427634,0.007556675062972292,-0.8451427952210274
2024-03,7,Cluster 7,2,479,0.0041753653444676405,49.06054279749477,0.005178897755575782,-0.2258160219725338
2024-04,7,Cluster 7,2,476,0.004201680672268907,0.6302521008403339,0.004844386951873068,-0.21395657312309446
2024-05,7,Cluster 7,1,487,0.002053388090349076,-51.129363449691986,0.003726055488305273,-1.1821210657455912
2024-08,7,Cluster 7,4,458,0.008733624454148471,325.3275109170305,0.0034768113690285415,1.828440765630479
2024-09,7,Cluster 7,3,366,0.00819672131147541,-6.1475409836065475,0.004996231072255485,1.5864762571234687
2024-10,7,Cluster 7,1,415,0.0024096385542168677,-70.60240963855422,0.006327911285324318,-1.0215707512773171
2024-12,7,Cluster 7,3,391,0.0076726342710997444,218.41432225063934,0.006446661439946916,1.3502875425109135
2025-01,7,Cluster 7,2,403,0.004962779156327543,-35.318444995864354,0.006092998045597341,0.12904536891027368
2025-02,7,Cluster 7,1,451,0.0022172949002217295,-55.32150776053215,0.005015017327214718,-1.1082536815944453
2025-03,7,Cluster 7,2,510,0.00392156862745098,76.86274509803921,0.004950902775883006,-0.340193817542681
2025-04,7,Cluster 7,1,528,0.001893939393939394,-51.70454545454546,0.003700547561333418,-1.253979325443552
2025-05,7,Cluster 7,4,475,0.008421052631578947,344.6315789473684,0.0026776009738707016,1.6875749717656259
2025-06,7,Cluster 7,2,513,0.003898635477582846,-53.703703703703695,0.004745520217656441,-0.3505290305360975
2025-07,7,Cluster 7,2,475,0.004210526315789474,8.000000000000007,0.004737875834367063,-0.2099701338256338
2025-08,7,Cluster 7,2,526,0.0038022813688212928,-9.695817490494296,0.005510071474983756,-0.3939526440635696
2025-09,7,Cluster 7,2,501,0.003992015968063872,4.990019960079839,0.003970481054064538,-0.3084455285269767
2025-10,7,Cluster 7,1,268,0.0037313432835820895,-6.52985074626865,0.00400160788422488,-0.42592209546941523
2024-01,8,Cluster 8,14,397,0.03526448362720403,0.0,0.03526448362720403,0.9405361365194786
2024-02,8,Cluster 8,5,357,0.014005602240896359,-60.284113645458184,0.03526448362720403,-1.0437318253038137
2024-03,8,Cluster 8,15,479,0.031315240083507306,123.59081419624216,0.024635042934050194,0.5719204368128091
2024-04,8,Cluster 8,10,476,0.02100840336134454,-32.91316526610644,0.026861775317202564,-0.39010223615359196
2024-05,8,Cluster 8,12,487,0.024640657084188913,17.289527720739216,0.022109748561916068,-0.05107382913234774
2024-06,8,Cluster 8,9,473,0.019027484143763214,-22.780126849894287,0.025654766843013585,-0.5749978789195532
2024-07,8,Cluster 8,7,447,0.015659955257270694,-17.698235147899577,0.021558848196432223,-0.8893173183367814
2024-08,8,Cluster 8,11,458,0.024017467248908297,53.3686837180287,0.01977603216174094,-0.1092413122567283
2024-09,8,Cluster 8,7,366,0.01912568306010929,-20.367610531544955,0.0195683022166474,-0.5658321584825041
2024-10,8,Cluster 8,9,415,0.021686746987951807,13.390705679862315,0.01960103518876276,-0.3267867916142213
2024-11,8,Cluster 8,9,368,0.024456521739130436,12.771739130434788,0.021609965765656464,-0.06826071019158074
2024-12,8,Cluster 8,2,391,0.005115089514066497,-79.08496732026144,0.02175631726239718,-1.8735572167467036
2025-01,8,Cluster 8,7,403,0.017369727047146403,239.57816377171213,0.017086119413716246,-0.7297301169676278
2025-02,8,Cluster 8,21,451,0.04656319290465632,168.0709534368071,0.015647112766781112,1.9951385129005867
2025-03,8,Cluster 8,18,510,0.03529411764705882,-24.20168067226891,0.023016003155289743,0.9433021257128599
2025-04,8,Cluster 8,15,528,0.028409090909090908,-19.507575757575758,0.03307567919962052,0.30066539783471014
2025-05,8,Cluster 8,13,475,0.02736842105263158,-3.663157894736835,0.03675546715360202,0.20353103702410397
2025-06,8,Cluster 8,3,513,0.005847953216374269,-78.63247863247864,0.03035720986959377,-1.805152960734949
2025-07,8,Cluster 8,12,475,0.02526315789473684,332.0,0.020541821726032253,0.00702934159115298
2025-08,8,Cluster 8,14,526,0.026615969581749048,5.354879594423312,0.019493177387914232,0.13329849188837226
2025-09,8,Cluster 8,12,501,0.023952095808383235,-10.008554319931552,0.01924236023095339,-0.11534297173236112
2025-10,8,Cluster 8,10,268,0.03731343283582089,55.78358208955221,0.02527707442828971,1.1317815833603564
2025-11,8,Cluster 8,1,20,0.05,34.00000000000003,0.029293832741984393,2.3159242629283256
2024-01,9,Cluster 9,1,397,0.0025188916876574307,0.0,0.0025188916876574307,-0.7246679343018713
2024-02,9,Cluster 9,1,357,0.0028011204481792717,11.204481792717091,0.0025188916876574307,-0.6083665276265113
2024-03,9,Cluster 9,3,479,0.006263048016701462,123.59081419624216,0.002660006067918351,0.8182316875337071
2024-04,9,Cluster 9,3,476,0.0063025210084033615,0.6302521008403339,0.0038610200508460545,0.8344977989396725
2024-05,9,Cluster 9,1,487,0.002053388090349076,-67.41957563312799,0.005122229824428031,-0.9164936117392075
2024-08,9,Cluster 9,1,458,0.002183406113537118,6.331877729257629,0.004872985705151299,-0.8629155179901524
2024-09,9,Cluster 9,1,366,0.00273224043715847,25.13661202185793,0.0035131050707631847,-0.6367507438868296
2024-12,9,Cluster 9,1,391,0.0025575447570332483,-6.393861892583108,0.002323011547014888,-0.7087396981702457
2025-01,9,Cluster 9,1,403,0.0024813895781637717,-2.977667493796532,0.0024910637692429453,-0.74012188052387
2025-02,9,Cluster 9,3,451,0.0066518847006651885,168.0709534368071,0.0025903915907851635,0.97846430602499
2025-03,9,Cluster 9,5,510,0.00980392156862745,47.38562091503267,0.003896939678620736,2.277362125505856
2025-04,9,Cluster 9,2,528,0.003787878787878788,-61.36363636363637,0.006312398615818803,-0.20174112650331405
2025-05,9,Cluster 9,4,475,0.008421052631578947,122.3157894736842,0.006747895019057142,1.7075066567399273
2025-06,9,Cluster 9,1,513,0.001949317738791423,-76.85185185185185,0.007337617662695062,-0.9593791357268227
2025-07,9,Cluster 9,3,475,0.00631578947368421,224.00000000000003,0.004719416386083052,0.839965495335081
2025-08,9,Cluster 9,1,526,0.0019011406844106464,-69.89860583016477,0.005562053281351527,-0.9792320351393403
2025-09,9,Cluster 9,2,501,0.003992015968063872,109.98003992015968,0.0033887492989620933,-0.11761985847106693
2024-01,10,Cluster 10,12,397,0.030226700251889168,0.0,0.030226700251889168,0.24415578149453146
2024-02,10,Cluster 10,7,357,0.0196078431372549,-35.130718954248366,0.030226700251889168,-1.0341848742530797
2024-03,10,Cluster 10,12,479,0.025052192066805846,27.766179540709814,0.024917271694572037,-0.3787722902444412
2024-04,10,Cluster 10,11,476,0.023109243697478993,-7.755602240896353,0.024962245151983305,-0.6126722161701877
2024-05,10,Cluster 10,18,487,0.03696098562628337,59.94026507373529,0.022589759633846577,1.054856094019749
2024-06,10,Cluster 10,10,473,0.021141649048625793,-42.80009396288465,0.028374140463522737,-0.8495391601837875
2024-07,10,Cluster 10,8,447,0.017897091722595078,-15.346756152125284,0.027070626124129388,-1.240131998470761
2024-08,10,Cluster 10,13,458,0.028384279475982533,58.597161572052414,0.025333242132501415,0.022357770897924123
2024-09,10,Cluster 10,11,366,0.030054644808743168,5.884825556956708,0.022474340082401133,0.22344305642046602
2024-10,10,Cluster 10,17,415,0.04096385542168675,36.29791894852137,0.025445338669106924,1.536737632106958
2024-11,10,Cluster 10,6,368,0.016304347826086956,-60.19820971867008,0.03313425990213748,-1.431872903835634
2024-12,10,Cluster 10,17,391,0.043478260869565216,166.66666666666666,0.029107616018838958,1.8394318556337645
2025-01,10,Cluster 10,11,403,0.02729528535980149,-37.220843672456574,0.03358215470577964,-0.10873971328101352
2025-02,10,Cluster 10,17,451,0.037694013303769404,38.09715783108245,0.02902596468515122,1.1431009090504785
2025-03,10,Cluster 10,18,510,0.03529411764705882,-6.366782006920424,0.036155853177712034,0.8541918339582752
2025-04,10,Cluster 10,16,528,0.030303030303030304,-14.141414141414133,0.033427805436876575,0.25334469952738975
2025-05,10,Cluster 10,12,475,0.02526315789473684,-16.631578947368432,0.03443038708461951,-0.35337537681898595
2025-06,10,Cluster 10,17,513,0.03313840155945419,31.172839506172846,0.03028676861494199,0.5946780758122702
2025-07,10,Cluster 10,9,475,0.018947368421052633,-42.823529411764696,0.029568196585740447,-1.1136954724935575
2025-08,10,Cluster 10,19,526,0.03612167300380228,90.64216307562312,0.025782975958414556,0.95381627056068
2025-09,10,Cluster 10,16,501,0.031936127744510975,-11.587351612564344,0.029402480994769702,0.4499435266615328
2025-10,10,Cluster 10,3,268,0.011194029850746268,-64.94869402985076,0.029001723056455292,-2.0470735003925657
2024-01,11,Cluster 11,6,397,0.015113350125944584,0.0,0.015113350125944584,0.33962659721633065
2024-02,11,Cluster 11,8,357,0.022408963585434174,48.272642390289455,0.015113350125944584,1.7626471712856924
2024-03,11,Cluster 11,6,479,0.012526096033402923,-44.10229645093946,0.018761156855689378,-0.16502127434038377
2024-04,11,Cluster 11,8,476,0.01680672268907563,34.17366946778711,0.01668280324826056,0.6699215080254667
2024-05,11,Cluster 11,7,487,0.014373716632443531,-14.476386036960987,0.017247260769304242,0.195359952009989
2024-06,11,Cluster 11,5,473,0.010570824524312896,-26.45726366656599,0.014568845118307363,-0.5463999754978073
2024-07,11,Cluster 11,3,447,0.006711409395973154,-36.51006711409396,0.013917087948610686,-1.2991848046280265
2024-08,11,Cluster 11,3,458,0.006550218340611353,-2.4017467248908297,0.01055198351757653,-1.330625366742435
2024-09,11,Cluster 11,9,366,0.02459016393442623,275.40983606557376,0.00794415075363247,2.188093638538649
2024-10,11,Cluster 11,4,415,0.00963855421686747,-60.80321285140562,0.012617263890336914,-0.7282407261701467
2024-11,11,Cluster 11,4,368,0.010869565217391304,12.771739130434767,0.013592978830635018,-0.4881301459731417
2024-12,11,Cluster 11,4,391,0.010230179028132993,-5.88235294117646,0.015032761122895,-0.6128434010191455
2025-01,11,Cluster 11,5,403,0.01240694789081886,21.27791563275434,0.010246099487463923,-0.1882613019543378
2025-04,11,Cluster 11,6,528,0.011363636363636364,-8.40909090909091,0.011168897378781052,-0.3917608125285021
2025-05,11,Cluster 11,9,475,0.018947368421052633,66.73684210526316,0.01133358776086274,1.0874577351449006
2025-06,11,Cluster 11,7,513,0.01364522417153996,-27.98353909465021,0.01423931755850262,0.05326638226750324
2025-07,11,Cluster 11,4,475,0.008421052631578947,-38.28571428571428,0.014652076318742985,-0.9657162742440496
2025-08,11,Cluster 11,11,526,0.02091254752851711,148.33650190114068,0.013671215074723847,1.470768928532723
2025-09,11,Cluster 11,4,501,0.007984031936127744,-61.82181092360732,0.014326274777212008,-1.0509578299232716
2024-01,12,Cluster 12,3,397,0.007556675062972292,0.0,0.007556675062972292,0.526668180145198
2024-02,12,Cluster 12,2,357,0.0056022408963585435,-25.863678804855272,0.007556675062972292,-0.12327668223849964
2024-04,12,Cluster 12,2,476,0.004201680672268907,-25.0,0.006579457979665418,-0.5890313940910773
2024-05,12,Cluster 12,3,487,0.006160164271047228,46.611909650924034,0.0057868655438665815,0.062260102359857836
2024-06,12,Cluster 12,1,473,0.0021141649048625794,-65.6800563777308,0.005321361946558227,-1.2832323916726147
2024-07,12,Cluster 12,2,447,0.0044742729306487695,111.63310961968679,0.004158669949392905,-0.4983811481600387
2024-08,12,Cluster 12,2,458,0.004366812227074236,-2.4017467248908297,0.004249534035519526,-0.534117083086625
2024-09,12,Cluster 12,1,366,0.00273224043715847,-37.431693989071036,0.0036517500208618613,-1.0776920753790276
2024-10,12,Cluster 12,1,415,0.0024096385542168677,-11.807228915662638,0.003857775198293825,-1.184972965160279
2024-11,12,Cluster 12,4,368,0.010869565217391304,351.08695652173907,0.0031695637394831915,1.6283660384244552
2024-12,12,Cluster 12,4,391,0.010230179028132993,-5.88235294117646,0.0053371480695888806,1.4157388873613224
2025-01,12,Cluster 12,2,403,0.004962779156327543,-51.488833746898266,0.007836460933247054,-0.33592895762528446
2025-02,12,Cluster 12,3,451,0.0066518847006651885,34.035476718403544,0.00868750780061728,0.22578117276409732
2025-03,12,Cluster 12,3,510,0.0058823529411764705,-11.568627450980395,0.007281614295041909,-0.030125739867984155
2025-04,12,Cluster 12,3,528,0.005681818181818182,-3.409090909090906,0.0058323389327230675,-0.09681334633778496
2025-05,12,Cluster 12,6,475,0.01263157894736842,122.3157894736842,0.006072018607886614,2.2143217031437006
2025-06,12,Cluster 12,2,513,0.003898635477582846,-69.1358024691358,0.008065250023454358,-0.6898087294042082
2025-07,12,Cluster 12,2,475,0.004210526315789474,8.000000000000007,0.007404010868923149,-0.58608978538464
2025-08,12,Cluster 12,4,526,0.0076045627376425855,80.6083650190114,0.00691358024691358,0.5425931719689877
2025-09,12,Cluster 12,1,501,0.001996007984031936,-73.75249500998005,0.005237908177004968,-1.3225253414996276
2025-10,12,Cluster 12,3,268,0.011194029850746268,460.82089552238807,0.004603699012487999,1.736266383740075
2024-01,13,Cluster 13,4,397,0.010075566750629723,0.0,0.010075566750629723,1.386083488048928
2024-02,13,Cluster 13,2,357,0.0056022408963585435,-44.397759103641455,0.010075566750629723,-0.04734450834639448
2024-03,13,Cluster 13,2,479,0.0041753653444676405,-25.469728601252616,0.007838903823494133,-0.5045710619406403
2024-07,13,Cluster 13,1,447,0.0022371364653243847,-46.42058165548097,0.006617724330485302,-1.1256551567049657
2024-11,13,Cluster 13,3,368,0.008152173913043478,264.40217391304344,0.004004914235383523,0.7697534393828088
2024-12,13,Cluster 13,3,391,0.0076726342710997444,-5.88235294117646,0.004854891907611834,0.6160902432426901
2025-01,13,Cluster 13,5,403,0.01240694789081886,61.70388751033913,0.006020648216489202,2.1331488943001418
2025-02,13,Cluster 13,3,451,0.0066518847006651885,-46.385809312638585,0.009410585358320693,0.28900228693556346
2025-04,13,Cluster 13,4,528,0.007575757575757576,13.888888888888884,0.008910488954194598,0.5850471733153934
2025-05,13,Cluster 13,1,475,0.002105263157894737,-72.21052631578948,0.008878196722413875,-1.1679125054886266
2025-06,13,Cluster 13,1,513,0.001949317738791423,-7.4074074074074066,0.005444301811439167,-1.2178834973042254
2025-07,13,Cluster 13,1,475,0.002105263157894737,8.000000000000007,0.003876779490814578,-1.1679125054886266
2025-08,13,Cluster 13,2,526,0.0038022813688212928,80.6083650190114,0.0020532813515269656,-0.62412171242306
2025-09,13,Cluster 13,3,501,0.005988023952095809,57.48502994011977,0.002618954088502484,0.07627542247101517
2024-01,14,Cluster 14,5,397,0.012594458438287154,0.0,0.012594458438287154,0.26162310751415213
2024-02,14,Cluster 14,4,357,0.011204481792717087,-11.036414565826336,0.012594458438287154,0.0348403982986833
2024-03,14,Cluster 14,8,479,0.016701461377870562,49.06054279749477,0.01189947011550212,0.9317043325210862
2024-04,14,Cluster 14,5,476,0.01050420168067227,-37.10609243697478,0.013500133869624934,-0.07941434225784082
2024-05,14,Cluster 14,13,487,0.026694045174537988,154.12731006160163,0.01280338161708664,2.5620520313066484
2024-06,14,Cluster 14,3,473,0.006342494714587738,-76.24003903073671,0.01796656941102694,-0.7584208448041192
2024-07,14,Cluster 14,4,447,0.008948545861297539,41.08873974645786,0.014513580523265998,-0.333228564567972
2024-08,14,Cluster 14,4,458,0.008733624454148471,-2.4017467248908297,0.01399502858347442,-0.36829423213656387
2024-09,14,Cluster 14,9,366,0.02459016393442623,181.55737704918033,0.008008221676677916,2.218791668608638
2024-10,14,Cluster 14,1,415,0.0024096385542168677,-90.2008032128514,0.014090778083290748,-1.4000890180401224
2024-11,14,Cluster 14,2,368,0.005434782608695652,125.54347826086953,0.011911142314263858,-0.9065193119387664
2024-12,14,Cluster 14,2,391,0.005115089514066497,-5.88235294117646,0.010811528365779583,-0.9586790848015274
2025-01,14,Cluster 14,3,403,0.007444168734491315,45.53349875930519,0.004319836892326338,-0.5786763723323799
2025-02,14,Cluster 14,3,451,0.0066518847006651885,-10.643015521064303,0.0059980136190844885,-0.7079420835455053
2025-03,14,Cluster 14,6,510,0.011764705882352941,76.86274509803921,0.006403714316407666,0.12624419074390264
2025-04,14,Cluster 14,9,528,0.017045454545454544,44.886363636363626,0.008620253105836482,0.9878288024860556
2025-05,14,Cluster 14,2,475,0.004210526315789474,-75.29824561403508,0.011820681709490891,-1.1062637894911083
2025-06,14,Cluster 14,7,513,0.01364522417153996,224.07407407407405,0.011006895581198986,0.43306159930270915
2025-07,14,Cluster 14,6,475,0.01263157894736842,-7.428571428571429,0.011633735010927992,0.2676795327380842
2025-08,14,Cluster 14,3,526,0.005703422053231939,-54.84790874524714,0.010162443144899285,-0.8626892366434424
2025-09,14,Cluster 14,8,501,0.015968063872255488,179.9733865602129,0.010660075057380106,0.812046298132285
2025-10,14,Cluster 14,2,268,0.007462686567164179,-53.26492537313432,0.011434354957618617,-0.575655081092894
2024-01,15,Cluster 15,3,397,0.007556675062972292,0.0,0.007556675062972292,-0.05039291415105827
2024-02,15,Cluster 15,4,357,0.011204481792717087,48.272642390289455,0.007556675062972292,0.8789683580862736
2024-03,15,Cluster 15,4,479,0.008350730688935281,-25.469728601252616,0.009380578427844689,0.15191071689241076
2024-04,15,Cluster 15,5,476,0.01050420168067227,25.78781512605044,0.00903729584820822,0.7005561602728207
2024-05,15,Cluster 15,4,487,0.008213552361396304,-21.806981519507186,0.01001980472077488,0.1169614351869263
2024-06,15,Cluster 15,4,473,0.008456659619450317,2.9598308668076223,0.009022828243667952,0.1788985078922595
2024-07,15,Cluster 15,6,447,0.013422818791946308,58.7248322147651,0.009058137887172964,1.444139884045668
2024-08,15,Cluster 15,3,458,0.006550218340611353,-51.20087336244541,0.010031010257597645,-0.30681052869134834
2024-09,15,Cluster 15,1,366,0.00273224043715847,-58.28779599271403,0.00947656558400266,-1.2795267564436983
2024-10,15,Cluster 15,1,415,0.0024096385542168677,-11.807228915662638,0.007568425856572045,-1.361716882886538
2024-12,15,Cluster 15,5,391,0.01278772378516624,430.6905370843989,0.0038973657773288977,1.282335066186254
2025-01,15,Cluster 15,1,403,0.0024813895781637717,-80.59553349875931,0.005976534258847192,-1.3434366866371354
2025-02,15,Cluster 15,3,451,0.0066518847006651885,168.0709534368071,0.005892917305848961,-0.28090872392934524
2025-03,15,Cluster 15,3,510,0.0058823529411764705,-11.568627450980395,0.007306999354665067,-0.47696434529596893
2025-04,15,Cluster 15,4,528,0.007575757575757576,28.787878787878785,0.005005209073335144,-0.04553121240161898
2025-05,15,Cluster 15,2,475,0.004210526315789474,-44.42105263157895,0.0067033317391997456,-0.9028999922864018
2025-06,15,Cluster 15,8,513,0.015594541910331383,270.3703703703704,0.005889545610907841,1.9974354695249958
2025-07,15,Cluster 15,7,475,0.014736842105263158,-5.499999999999994,0.009126941933959479,1.7789170443200277
2025-08,15,Cluster 15,2,526,0.0038022813688212928,-74.19880499728409,0.011513970110461338,-1.0069096264057389
2025-09,15,Cluster 15,3,501,0.005988023952095809,57.48502994011977,0.011377888461471945,-0.4500422651468729
2025-10,15,Cluster 15,1,268,0.0037313432835820895,-37.68656716417911,0.008175715808726754,-1.0249827081319183
2024-01,16,Cluster 16,2,397,0.005037783375314861,0.0,0.005037783375314861,-0.03842382811158062
2024-02,16,Cluster 16,3,357,0.008403361344537815,66.80672268907564,0.005037783375314861,1.3852411884118032
2024-03,16,Cluster 16,2,479,0.0041753653444676405,-50.31315240083507,0.006720572359926338,-0.4032331985566952
2024-04,16,Cluster 16,2,476,0.004201680672268907,0.6302521008403339,0.005872170021440105,-0.3921016152353144
2024-05,16,Cluster 16,3,487,0.006160164271047228,46.611909650924034,0.0055934691204247875,0.4363518065878803
2024-06,16,Cluster 16,1,473,0.0021141649048625794,-65.6800563777308,0.004845736762594592,-1.275136623389802
2024-07,16,Cluster 16,3,447,0.006711409395973154,217.4496644295302,0.004158669949392905,0.6695326768760512
2024-08,16,Cluster 16,2,458,0.004366812227074236,-34.93449781659389,0.004995246190627654,-0.32224971465529667
2024-09,16,Cluster 16,2,366,0.00546448087431694,25.13661202185793,0.00439746217596999,0.14207245143458447
2024-10,16,Cluster 16,2,415,0.004819277108433735,-11.807228915662638,0.00551423416578811,-0.13085363686790646
2024-11,16,Cluster 16,2,368,0.005434782608695652,12.771739130434767,0.0048835234032749706,0.12950985974807888
2024-12,16,Cluster 16,2,391,0.005115089514066497,-5.88235294117646,0.005239513530482108,-0.005722744877245068
2025-01,16,Cluster 16,4,403,0.009925558312655087,94.04466501240694,0.005123049743731962,2.0291420552417767
2025-02,16,Cluster 16,1,451,0.0022172949002217295,-77.66075388026607,0.006825143478472411,-1.2315118528779665
2025-03,16,Cluster 16,2,510,0.00392156862745098,76.86274509803921,0.005752647575647771,-0.5105911354784556
2025-04,16,Cluster 16,2,528,0.003787878787878788,-3.409090909090906,0.005354807280109265,-0.5671429519581365
2025-05,16,Cluster 16,2,475,0.004210526315789474,11.157894736842099,0.003308914105183832,-0.3883598409118468
2025-06,16,Cluster 16,6,513,0.011695906432748537,177.77777777777777,0.003973324577039747,2.7780127421469714
2025-07,16,Cluster 16,2,475,0.004210526315789474,-64.0,0.006564770512138933,-0.3883598409118468
2025-09,16,Cluster 16,1,501,0.001996007984031936,-52.59481037924152,0.006705653021442495,-1.3251178973893902
2025-10,16,Cluster 16,1,268,0.0037313432835820895,86.9402985074627,0.0059674802441899814,-0.5910578992256633
2024-02,17,Cluster 17,5,357,0.014005602240896359,0.0,0.014005602240896359,2.293253309289336
2024-03,17,Cluster 17,3,479,0.006263048016701462,-55.281837160751564,0.014005602240896359,0.06178720217891923
2024-04,17,Cluster 17,1,476,0.0021008403361344537,-66.45658263305323,0.01013432512879891,-1.1377943701291167
2024-06,17,Cluster 17,2,473,0.004228329809725159,101.26849894291756,0.007456496864577424,-0.5246348731356683
2024-07,17,Cluster 17,3,447,0.006711409395973154,58.7248322147651,0.0041974060541870245,0.19100854084976301
2024-08,17,Cluster 17,4,458,0.008733624454148471,30.13100436681222,0.004346859847277589,0.7738271085913107
2024-10,17,Cluster 17,2,415,0.004819277108433735,-44.81927710843373,0.006557787886615595,-0.3543191310726844
2024-12,17,Cluster 17,4,391,0.010230179028132993,112.27621483375958,0.006754770319518454,1.2051461168394946
2025-01,17,Cluster 17,2,403,0.004962779156327543,-51.488833746898266,0.0079276935302384,-0.3129606921255854
2025-02,17,Cluster 17,1,451,0.0022172949002217295,-55.32150776053215,0.0066707450976314225,-1.1042312325320922
2025-03,17,Cluster 17,2,510,0.00392156862745098,76.86274509803921,0.005803417694894088,-0.6130459015121766
2025-04,17,Cluster 17,1,528,0.001893939393939394,-51.70454545454546,0.003700547561333417,-1.197424877926496
2025-06,17,Cluster 17,4,513,0.007797270955165692,311.69590643274853,0.0026776009738707003,0.5039625346080927
2025-08,17,Cluster 17,3,526,0.005703422053231939,-26.853612167300376,0.004537592992185354,-0.09950148033865204
2025-09,17,Cluster 17,1,501,0.001996007984031936,-65.0033266799734,0.00513154413411234,-1.1680078931954994
2025-10,17,Cluster 17,3,268,0.011194029850746268,460.82089552238807,0.005165566997476521,1.4829356396110533
2024-03,18,Cluster 18,3,479,0.006263048016701462,0.0,0.006263048016701462,0.08459584875531079
2024-06,18,Cluster 18,3,473,0.006342494714587738,1.2684989429175397,0.006263048016701462,0.11372690299557081
2024-07,18,Cluster 18,1,447,0.0022371364653243847,-64.72781506338553,0.0063027713656446,-1.3916020410239982
2024-08,18,Cluster 18,5,458,0.010917030567685589,387.9912663755459,0.004947559732204528,1.7910911686742295
2024-11,18,Cluster 18,3,368,0.008152173913043478,-25.326086956521742,0.006498887249199237,0.777289571933019
2024-12,18,Cluster 18,2,391,0.005115089514066497,-37.2549019607843,0.007102113648684484,-0.33633091466657866
2025-01,18,Cluster 18,1,403,0.0024813895781637717,-51.488833746898266,0.008061431331598522,-1.3020407267367538
2025-02,18,Cluster 18,3,451,0.0066518847006651885,168.0709534368071,0.005249551001757916,0.22717222804503936
2025-04,18,Cluster 18,1,528,0.001893939393939394,-71.52777777777779,0.004749454597631819,-1.5174435519691827
2025-05,18,Cluster 18,4,475,0.008421052631578947,344.6315789473684,0.003675737890922784,0.8758804604419473
2025-06,18,Cluster 18,5,513,0.009746588693957114,15.740740740740744,0.00565562557539451,1.3619203331857266
2025-07,18,Cluster 18,2,475,0.004210526315789474,-56.800000000000004,0.006687193573158484,-0.6680109000382929
2025-09,18,Cluster 18,3,501,0.005988023952095809,42.21556886227547,0.007459389213775178,-0.016248379596035603
2024-01,19,Cluster 19,2,397,0.005037783375314861,0.0,0.005037783375314861,-0.37670617273818713
2024-02,19,Cluster 19,2,357,0.0056022408963585435,11.204481792717091,0.005037783375314861,-0.31696696650633466
2024-03,19,Cluster 19,4,479,0.008350730688935281,49.06054279749477,0.005320012135836702,-0.02608130651673797
2024-04,19,Cluster 19,4,476,0.008403361344537815,0.6302521008403339,0.006330251653536228,-0.020511155580766917
2024-05,19,Cluster 19,3,487,0.006160164271047228,-26.694045174537983,0.007452110976610546,-0.2579192998538088
2024-06,19,Cluster 19,4,473,0.008456659619450317,37.27977448907682,0.007638085434840108,-0.014870347339054136
2024-08,19,Cluster 19,1,458,0.002183406113537118,-74.18122270742357,0.007673395078345119,-0.6787984038587198
2024-09,19,Cluster 19,4,366,0.01092896174863388,400.5464480874317,0.005600076668011554,0.246785067384909
2024-10,19,Cluster 19,3,415,0.007228915662650603,-33.855421686746986,0.007189675827207104,-0.14480829076401697
2024-11,19,Cluster 19,4,368,0.010869565217391304,50.36231884057971,0.006780427841607199,0.24049885186456993
2024-12,19,Cluster 19,3,391,0.0076726342710997444,-29.411764705882348,0.009675814209558596,-0.09784745408308888
2025-01,19,Cluster 19,4,403,0.009925558312655087,29.3631100082713,0.008590371717047216,0.14059014117531088
2025-02,19,Cluster 19,4,451,0.008869179600886918,-10.643015521064303,0.009489252600382045,0.028788591247210022
2025-03,19,Cluster 19,2,510,0.00392156862745098,-55.7843137254902,0.008822457394880582,-0.49484045306167534
2025-04,19,Cluster 19,2,528,0.003787878787878788,-3.409090909090906,0.007572102180330994,-0.5089894804013047
2025-05,19,Cluster 19,5,475,0.010526315789473684,177.89473684210523,0.005526209005405561,0.2041711432259792
2025-06,19,Cluster 19,1,513,0.001949317738791423,-81.4814814814815,0.006078587734934482,-0.7035730825086833
2025-07,19,Cluster 19,1,475,0.002105263157894737,8.000000000000007,0.005421170772047963,-0.6870686420407803
2025-08,19,Cluster 19,3,526,0.005703422053231939,170.91254752851714,0.004860298895386614,-0.30625848664400424
2025-09,19,Cluster 19,2,501,0.003992015968063872,-30.006653359946778,0.0032526676499726984,-0.48738467817612213
2025-10,19,Cluster 19,2,268,0.007462686567164179,86.9402985074627,0.0039335670597301815,-0.12006721148860681
2025-11,19,Cluster 19,1,20,0.05,570.0,0.005719374862819995,4.381857636663915
2024-01,20,Cluster 20,4,397,0.010075566750629723,0.0,0.010075566750629723,1.3994372064573846
2024-03,20,Cluster 20,2,479,0.0041753653444676405,-58.55949895615866,0.010075566750629723,-0.6680513232885794
2024-04,20,Cluster 20,3,476,0.0063025210084033615,50.94537815126052,0.007125466047548682,0.07732491616965226
2024-05,20,Cluster 20,1,487,0.002053388090349076,-67.41957563312799,0.006851151034500242,-1.4116129970799318
2024-08,20,Cluster 20,2,458,0.004366812227074236,112.66375545851525,0.004177091481073359,-0.6009664550616448
2024-09,20,Cluster 20,2,366,0.00546448087431694,25.13661202185793,0.004240907108608891,-0.21633257878991044
2024-10,20,Cluster 20,5,415,0.012048192771084338,120.48192771084341,0.0039615603972467505,2.090664740912216
2024-11,20,Cluster 20,2,368,0.005434782608695652,-54.8913043478261,0.007293161957491838,-0.2267391427863929
2024-12,20,Cluster 20,4,391,0.010230179028132993,88.23529411764707,0.007649152084698976,1.4536148672338562
2025-01,20,Cluster 20,2,403,0.004962779156327543,-51.488833746898266,0.009237718135970996,-0.3921337889339608
2025-02,20,Cluster 20,3,451,0.0066518847006651885,34.035476718403544,0.0068759135977187295,0.19974538569916034
2025-03,20,Cluster 20,1,510,0.00196078431372549,-70.52287581699346,0.007281614295041909,-1.4440622700455066
2025-04,20,Cluster 20,3,528,0.005681818181818182,189.77272727272728,0.004525149390239407,-0.14017545136110723
2025-05,20,Cluster 20,2,475,0.004210526315789474,-25.89473684210527,0.004764829065402953,-0.6557305735550711
2025-07,20,Cluster 20,5,475,0.010526315789473684,150.0,0.003951042937111049,1.5573840973263344
2025-08,20,Cluster 20,4,526,0.0076045627376425855,-27.756653992395442,0.00680622009569378,0.5335731279071798
2025-09,20,Cluster 20,2,501,0.003992015968063872,-47.50499001996008,0.007447134947635248,-0.7322987458011345
2025-10,20,Cluster 20,1,268,0.0037313432835820895,-6.52985074626865,0.007374298165060047,-0.8236410150025409
2024-01,21,Cluster 21,6,397,0.015113350125944584,0.0,0.015113350125944584,3.2368206233093066
2024-02,21,Cluster 21,1,357,0.0028011204481792717,-81.46591970121382,0.015113350125944584,-0.6648040975171253
2024-03,21,Cluster 21,2,479,0.0041753653444676405,49.06054279749477,0.008957235287061927,-0.22931938027609441
2024-04,21,Cluster 21,1,476,0.0021008403361344537,-49.68487394957983,0.007363278639530499,-0.8867159906644166
2024-05,21,Cluster 21,1,487,0.002053388090349076,-2.258726899383978,0.003025775376260455,-0.9017531415347669
2024-06,21,Cluster 21,2,473,0.004228329809725159,105.91966173361524,0.0027765312569837234,-0.21253546116619745
2024-07,21,Cluster 21,1,447,0.0022371364653243847,-47.0917225950783,0.0027941860787362295,-0.843525085286756
2024-08,21,Cluster 21,1,458,0.002183406113537118,-2.4017467248908297,0.00283961812179954,-0.8605517063195396
2024-09,21,Cluster 21,1,366,0.00273224043715847,25.13661202185793,0.0028829574628622206,-0.6866314968430884
2024-10,21,Cluster 21,2,415,0.004819277108433735,76.38554216867473,0.002384261005339991,-0.025270063290232545
2025-01,21,Cluster 21,1,403,0.0024813895781637717,-48.51116625310175,0.0032449745530431077,-0.7661236715595611
2025-02,21,Cluster 21,3,451,0.0066518847006651885,168.0709534368071,0.0033443023745853254,0.55546529273849
2025-03,21,Cluster 21,2,510,0.00392156862745098,-41.045751633986924,0.004650850462420898,-0.30974506848145916
2025-04,21,Cluster 21,5,528,0.00946969696969697,141.47727272727275,0.004351614302093313,1.4484023394991263
2025-05,21,Cluster 21,2,475,0.004210526315789474,-55.53684210526316,0.006681050099271046,-0.21817721362489267
2025-06,21,Cluster 21,2,513,0.003898635477582846,-7.4074074074074066,0.005867263970979141,-0.3170123585494407
2025-07,21,Cluster 21,3,475,0.00631578947368421,62.000000000000014,0.005859619587689762,0.4489600146158063
2025-08,21,Cluster 21,3,526,0.005703422053231939,-9.695817490494296,0.004808317089018843,0.25490679043172476
2025-09,21,Cluster 21,4,501,0.007984031936127744,39.986693280106444,0.005305949001499665,0.9776096745191146
2024-01,22,Cluster 22,31,397,0.07808564231738035,0.0,0.07808564231738035,0.8046618651355375
2024-02,22,Cluster 22,27,357,0.07563025210084033,-3.1444835998915788,0.07808564231738035,0.7002732568540058
2024-03,22,Cluster 22,29,479,0.060542797494780795,-19.94896775690095,0.07685794720911035,0.0588442985450213
2024-04,22,Cluster 22,32,476,0.06722689075630252,11.040278180237607,0.0714195639710005,0.3430122440284202
2024-05,22,Cluster 22,20,487,0.04106776180698152,-38.91170431211499,0.06779998011730788,-0.7691185474368528
2024-06,22,Cluster 22,25,473,0.052854122621564484,28.699788583509523,0.05627915001935494,-0.2680324903815138
2024-07,22,Cluster 22,26,447,0.058165548098434,10.049217002237132,0.053716258394949506,-0.04222222617724496
2024-08,22,Cluster 22,24,458,0.05240174672489083,-9.909304669129993,0.05069581084232667,-0.2872648266333118
2024-09,22,Cluster 22,10,366,0.0273224043715847,-47.85974499089253,0.054473805814963104,-1.353489505400181
2024-10,22,Cluster 22,23,415,0.05542168674698795,102.8433734939759,0.04596323306496985,-0.15887491374824605
2024-11,22,Cluster 22,23,368,0.0625,12.771739130434788,0.04504861261448783,0.14205292431402833
2024-12,22,Cluster 22,18,391,0.04603580562659847,-26.342710997442452,0.04841469703952422,-0.5579068317926219
2025-01,22,Cluster 22,32,403,0.0794044665012407,72.48414667769505,0.05465249745786214,0.8607304363116512
2025-02,22,Cluster 22,27,451,0.0598669623059867,-24.60504434589801,0.06264675737594638,0.030111800422863003
2025-03,22,Cluster 22,26,510,0.050980392156862744,-14.843863471314457,0.061769078144608615,-0.34769238076771214
2025-04,22,Cluster 22,22,528,0.041666666666666664,-18.26923076923077,0.06341727365469671,-0.7436566699827364
2025-05,22,Cluster 22,26,475,0.05473684210526316,31.3684210526316,0.05083800704317204,-0.18799044029760806
2025-06,22,Cluster 22,38,513,0.07407407407407407,35.32763532763532,0.04912796697626418,0.634113810034453
2025-07,22,Cluster 22,20,475,0.042105263157894736,-43.15789473684211,0.05682586094866796,-0.7250101522080675
2025-08,22,Cluster 22,27,526,0.051330798479087454,21.91064638783271,0.056972059779077315,-0.332795185175872
2025-09,22,Cluster 22,21,501,0.041916167664670656,-18.341095586604574,0.05583671190368542,-0.7330493694522362
2025-10,22,Cluster 22,10,268,0.03731343283582089,-10.980810234541583,0.04511740976721762,-0.9287303165522096
2025-11,22,Cluster 22,3,20,0.15,302.00000000000006,0.043520132993192996,3.862033220360439
2024-01,23,Cluster 23,1,397,0.0025188916876574307,0.0,0.0025188916876574307,-1.2638784419490874
2024-02,23,Cluster 23,1,357,0.0028011204481792717,11.204481792717091,0.0025188916876574307,-1.235579454542765
2024-03,23,Cluster 23,8,479,0.016701461377870562,496.24217118997905,0.002660006067918351,0.1582032775416221
2024-04,23,Cluster 23,4,476,0.008403361344537815,-49.68487394957983,0.007340491171235755,-0.6738445545272652
2024-05,23,Cluster 23,4,487,0.008213552361396304,-2.258726899383978,0.00930198105686255,-0.6928766404620819
2024-06,23,Cluster 23,3,473,0.006342494714587738,-22.7801268498943,0.011106125027934894,-0.8804869913194364
2024-07,23,Cluster 23,4,447,0.008948545861297539,41.08873974645786,0.007653136140173953,-0.6191790776801193
2024-08,23,Cluster 23,5,458,0.010917030567685589,21.997816593886466,0.007834864312427194,-0.42179974676921894
2024-09,23,Cluster 23,3,366,0.00819672131147541,-24.918032786885234,0.008736023714523622,-0.6945642844458696
2024-10,23,Cluster 23,4,415,0.00963855421686747,17.59036144578314,0.009354099246819514,-0.5499921609093898
2024-11,23,Cluster 23,8,368,0.021739130434782608,125.54347826086953,0.009584102032009491,0.6633287400748483
2024-12,23,Cluster 23,5,391,0.01278772378516624,-41.17647058823529,0.013191468654375163,-0.2342259371238306
2025-01,23,Cluster 23,4,403,0.009925558312655087,-22.382133995037222,0.014721802812272108,-0.5212143521657336
2025-02,23,Cluster 23,10,451,0.022172949002217297,123.39246119733924,0.014817470844201312,0.7068275888589467
2025-03,23,Cluster 23,11,510,0.021568627450980392,-2.7254901960784395,0.014962077033346207,0.6462324605091593
2025-04,23,Cluster 23,10,528,0.01893939393939394,-12.190082644628097,0.017889044921950925,0.38260005857006685
2025-05,23,Cluster 23,7,475,0.014736842105263158,-22.189473684210526,0.02089365679753054,-0.03878846756237389
2025-06,23,Cluster 23,7,513,0.01364522417153996,-7.4074074074074066,0.01841495449854583,-0.148244648080014
2025-07,23,Cluster 23,6,475,0.01263157894736842,-7.428571428571429,0.015773820072065684,-0.24988252998925117
2025-08,23,Cluster 23,8,526,0.015209125475285171,20.405576679340932,0.013671215074723846,0.00856723465506248
2025-09,23,Cluster 23,11,501,0.021956087824351298,44.36127744510978,0.013828642864731183,0.6850829880252014
2025-10,23,Cluster 23,8,268,0.029850746268656716,35.95658073270014,0.01659893074900163,1.4766778612037152
2025-11,23,Cluster 23,1,20,0.05,67.5,0.022338653189431065,3.497037078087821
2024-01,24,Cluster 24,1,397,0.0025188916876574307,0.0,0.0025188916876574307,-0.9687481472203888
2024-02,24,Cluster 24,4,357,0.011204481792717087,344.81792717086836,0.0025188916876574307,0.4764342527686755
2024-03,24,Cluster 24,1,479,0.0020876826722338203,-81.36743215031316,0.006861686740187259,-1.0404963729907706
2024-04,24,Cluster 24,4,476,0.008403361344537815,302.52100840336135,0.005270352050869446,0.010359993795760303
2024-05,24,Cluster 24,2,487,0.004106776180698152,-51.129363449691986,0.007231841936496241,-0.7045424116514011
2024-06,24,Cluster 24,4,473,0.008456659619450317,105.91966173361524,0.004865940065823262,0.019228214368183755
2024-07,24,Cluster 24,4,447,0.008948545861297539,5.8165548098433995,0.006988932381562095,0.10107243346162972
2024-08,24,Cluster 24,11,458,0.024017467248908297,168.3951965065502,0.007170660553815336,2.6083678172845213
2024-09,24,Cluster 24,1,366,0.00273224043715847,-88.62394436164928,0.013807557576552052,-0.9332493665838302
2024-10,24,Cluster 24,3,415,0.007228915662650603,164.57831325301206,0.011899417849121435,-0.1850542738217992
2024-11,24,Cluster 24,1,368,0.002717391304347826,-62.40942028985508,0.011326207782905792,-0.9357200916737168
2024-12,24,Cluster 24,7,391,0.017902813299232736,558.8235294117646,0.004226182468052299,1.590959654660429
2025-01,24,Cluster 24,3,403,0.007444168734491315,-58.41900035448422,0.009283040088743722,-0.14923863582771926
2025-02,24,Cluster 24,1,451,0.0022172949002217295,-70.21433850702144,0.009354791112690625,-1.018930387439325
2025-03,24,Cluster 24,5,510,0.00980392156862745,342.15686274509807,0.009188092311315258,0.2433971232822179
2025-04,24,Cluster 24,1,528,0.001893939393939394,-80.68181818181819,0.0064884617344468315,-1.0727330284765253
2025-05,24,Cluster 24,5,475,0.010526315789473684,455.78947368421046,0.004638385287596191,0.36359522164891706
2025-06,24,Cluster 24,10,513,0.01949317738791423,85.18518518518519,0.007408058917346843,1.8555779664546113
2025-07,24,Cluster 24,7,475,0.014736842105263158,-24.4,0.010637810857109103,1.0641784235576779
2025-08,24,Cluster 24,4,526,0.0076045627376425855,-48.39760999456817,0.014918778427550357,-0.12255091655773255
2025-09,24,Cluster 24,1,501,0.001996007984031936,-73.75249500998005,0.013944860743606659,-1.0557499878069558
2025-10,24,Cluster 24,2,268,0.007462686567164179,273.8805970149254,0.00811247094231256,-0.14615748123245742
2024-01,25,Cluster 25,3,397,0.007556675062972292,0.0,0.007556675062972292,-0.5394476885465305
2024-02,25,Cluster 25,5,357,0.014005602240896359,85.34080298786182,0.007556675062972292,0.8323550707362415
2024-03,25,Cluster 25,6,479,0.012526096033402923,-10.563674321503136,0.010781138651934325,0.5176374996085711
2024-04,25,Cluster 25,2,476,0.004201680672268907,-66.45658263305323,0.011362791112423859,-1.2531153165979068
2024-05,25,Cluster 25,6,487,0.012320328542094456,193.22381930184807,0.010244459648856064,0.47386705460898687
2024-06,25,Cluster 25,7,473,0.014799154334038054,20.1198026779422,0.009682701749255429,1.001157868623753
2024-07,25,Cluster 25,3,447,0.006711409395973154,-54.650047938638544,0.01044038784946714,-0.7192508933781393
2024-08,25,Cluster 25,4,458,0.008733624454148471,30.13100436681222,0.01127696409070189,-0.2890893920722651
2024-09,25,Cluster 25,2,366,0.00546448087431694,-37.431693989071036,0.01008139606138656,-0.9844950090958502
2024-10,25,Cluster 25,4,415,0.00963855421686747,76.38554216867473,0.006969838241479522,-0.09659456134995044
2024-11,25,Cluster 25,4,368,0.010869565217391304,12.771739130434767,0.007945553181777627,0.16526361143370322
2024-12,25,Cluster 25,2,391,0.005115089514066497,-52.941176470588225,0.008657533436191904,-1.0588168333059054
2025-01,25,Cluster 25,3,403,0.007444168734491315,45.53349875930519,0.008541069649441757,-0.5633798074228765
2025-02,25,Cluster 25,1,451,0.0022172949002217295,-70.21433850702144,0.007809607821983038,-1.6752298485923702
2025-03,25,Cluster 25,1,510,0.00196078431372549,-11.568627450980395,0.0049255177162598465,-1.7297942622742835
2025-04,25,Cluster 25,8,528,0.015151515151515152,672.7272727272727,0.0038740826494795106,1.0761113497752977
2025-05,25,Cluster 25,4,475,0.008421052631578947,-44.42105263157895,0.006443198121820789,-0.3555790386204133
2025-06,25,Cluster 25,6,513,0.011695906432748537,38.888888888888886,0.00851111736560653,0.3410412451487477
2025-07,25,Cluster 25,8,475,0.016842105263157894,43.99999999999999,0.011756158071947546,1.4357302625002866
2025-08,25,Cluster 25,8,526,0.015209125475285171,-9.695817490494296,0.012319688109161793,1.0883661014464627
2025-09,25,Cluster 25,10,501,0.01996007984031936,31.237524950099793,0.014582379057063867,2.0989795147116435
2025-10,25,Cluster 25,3,268,0.011194029850746268,-43.9179104477612,0.01733710352625414,0.23428307266280216
2024-01,26,Cluster 26,10,397,0.02518891687657431,0.0,0.02518891687657431,2.346119408827445
2024-02,26,Cluster 26,2,357,0.0056022408963585435,-77.75910364145659,0.02518891687657431,-0.9716486128251938
2024-03,26,Cluster 26,3,479,0.006263048016701462,11.79540709812108,0.015395578886466426,-0.8597151364880848
2024-04,26,Cluster 26,6,476,0.012605042016806723,101.26050420168067,0.012351401929878105,0.21454906782691135
2024-05,26,Cluster 26,12,487,0.024640657084188913,95.48254620123204,0.008156776976622242,2.253250215066772
2024-06,26,Cluster 26,7,473,0.014799154334038054,-39.9400986610289,0.014502915705899032,0.5862076223145264
2024-07,26,Cluster 26,7,447,0.015659955257270694,5.8165548098433995,0.017348284478344564,0.732017854688568
2024-08,26,Cluster 26,1,458,0.002183406113537118,-86.05739238927012,0.018366588891832555,-1.55076171630513
2024-09,26,Cluster 26,2,366,0.00546448087431694,150.27322404371586,0.010880838568281955,-0.994983649165891
2024-10,26,Cluster 26,6,415,0.014457831325301205,164.57831325301206,0.0077692807483749175,0.5283912493584804
2024-11,26,Cluster 26,5,368,0.01358695652173913,-6.023550724637683,0.007368572771051754,0.38087461217921725
2024-12,26,Cluster 26,1,391,0.0025575447570332483,-81.17647058823529,0.011169756240452425,-1.487386734847848
2025-01,26,Cluster 26,2,403,0.004962779156327543,94.04466501240694,0.010200777534691194,-1.0799664159219617
2025-02,26,Cluster 26,4,451,0.008869179600886918,78.7139689578714,0.007035760145033307,-0.4182650385254091
2025-03,26,Cluster 26,4,510,0.00784313725490196,-11.568627450980395,0.00546316783808257,-0.5920653550165201
2025-04,26,Cluster 26,5,528,0.00946969696969697,20.738636363636374,0.007225032004038808,-0.31654398464687206
2025-05,26,Cluster 26,7,475,0.014736842105263158,55.62105263157895,0.008727337941828617,0.5756526144001626
2025-06,26,Cluster 26,7,513,0.01364522417153996,-7.4074074074074066,0.010683225443287363,0.39074451278927064
2025-07,26,Cluster 26,5,475,0.010526315789473684,-22.857142857142854,0.01261725441550003,-0.13756434895613467
2025-08,26,Cluster 26,8,526,0.015209125475285171,44.486692015209115,0.012969460688758934,0.6556522357652226
2025-09,26,Cluster 26,5,501,0.00998003992015968,-34.3812375249501,0.013126888478766271,-0.23009748791453646
2025-10,26,Cluster 26,3,268,0.011194029850746268,12.1641791044776,0.011905160394972844,-0.024460912602990586
2015-03,27,Cluster 27,1,1,1.0,0.0,1.0,4.692617829606098
2024-01,27,Cluster 27,58,397,0.14609571788413098,-85.3904282115869,1.0,-0.13627786337086115
2024-02,27,Cluster 27,48,357,0.13445378151260504,-7.9687047232686155,0.5730478589420654,-0.20211392670933384
2024-03,27,Cluster 27,64,479,0.1336116910229645,-0.6263048016701522,0.4268498331322454,-0.20687601447922546
2024-04,27,Cluster 27,65,476,0.13655462184873948,2.202599789915971,0.13805373013990016,-0.19023350982507312
2024-05,27,Cluster 27,55,487,0.11293634496919917,-17.295845837940295,0.13487336479476966,-0.32379671812348715
2024-06,27,Cluster 27,61,473,0.12896405919661733,14.191812415913896,0.1277008859469677,-0.23315873700308926
2024-07,27,Cluster 27,57,447,0.12751677852348994,-1.1222356694905788,0.12615167533818533,-0.2413432227298458
2024-08,27,Cluster 27,56,458,0.1222707423580786,-4.113996782348894,0.12313906089643549,-0.2710099687281036
2024-09,27,Cluster 27,38,366,0.10382513661202186,-15.085870413739254,0.12625052669272863,-0.37532131603833757
2024-10,27,Cluster 27,46,415,0.1108433734939759,6.759670259987316,0.11787088583119681,-0.33563263598208604
2024-11,27,Cluster 27,49,368,0.1331521739130435,20.126417769376204,0.11231308415469214,-0.2094746197789301
2024-12,27,Cluster 27,57,391,0.14578005115089515,9.483793517406959,0.11594022800634708,-0.13806298350723228
2025-01,27,Cluster 27,61,403,0.1513647642679901,3.8309172434809025,0.12992519951930484,-0.10648099278243078
2025-02,27,Cluster 27,58,451,0.1286031042128603,-15.037621315110329,0.14343232977730958,-0.23519996574842808
2025-03,27,Cluster 27,59,510,0.11568627450980393,-10.043948613928322,0.14191597321058189,-0.3082456508753965
2025-04,27,Cluster 27,70,528,0.13257575757575757,14.599383667180277,0.13188471433021812,-0.21273429937859725
2025-05,27,Cluster 27,56,475,0.11789473684210526,-11.073684210526313,0.12562171209947395,-0.29575662316127543
2025-06,27,Cluster 27,62,513,0.12085769980506822,2.5132275132275117,0.12205225630922227,-0.27900083520006624
2025-07,27,Cluster 27,52,475,0.10947368421052632,-9.41935483870967,0.12377606474097702,-0.3433783363141859
2025-08,27,Cluster 27,65,526,0.12357414448669202,12.88022813688212,0.11607537361923327,-0.26363912745596174
2025-09,27,Cluster 27,61,501,0.1217564870259481,-1.4709043451558435,0.1179685095007622,-0.27391812296789986
2025-10,27,Cluster 27,34,268,0.12686567164179105,4.1962319549792015,0.11826810524105548,-0.24502528321666367
2025-11,27,Cluster 27,6,20,0.3,136.4705882352941,0.1240654343848104,0.7340629237704137
2024-01,28,Cluster 28,3,397,0.007556675062972292,0.0,0.007556675062972292,-0.6329541099432571
2024-02,28,Cluster 28,4,357,0.011204481792717087,48.272642390289455,0.007556675062972292,0.020866802126317953
2024-03,28,Cluster 28,4,479,0.008350730688935281,-25.469728601252616,0.009380578427844689,-0.4906301843449783
2024-04,28,Cluster 28,11,476,0.023109243697478993,176.733193277311,0.00903729584820822,2.1546372738659514
2024-05,28,Cluster 28,6,487,0.012320328542094456,-46.6865783087549,0.014221485393043786,0.22086751309019714
2024-06,28,Cluster 28,2,473,0.004228329809725159,-65.6800563777308,0.014593434309502912,-1.2295157949184714
2024-07,28,Cluster 28,2,447,0.0044742729306487695,5.8165548098433995,0.013219300683099537,-1.185433756709511
2024-08,28,Cluster 28,6,458,0.013100436681222707,192.7947598253275,0.0070076437608227946,0.36069153690118877
2024-09,28,Cluster 28,5,366,0.01366120218579235,4.280510018214945,0.007267679807198879,0.4612013064197426
2024-10,28,Cluster 28,5,415,0.012048192771084338,-11.807228915662648,0.010411970599221275,0.17209079020141607
2024-11,28,Cluster 28,6,368,0.016304347826086956,35.32608695652173,0.012936610546033131,0.9349500604802528
2024-12,28,Cluster 28,3,391,0.0076726342710997444,-52.941176470588225,0.014004580927654548,-0.6121699618680488
2025-01,28,Cluster 28,5,403,0.01240694789081886,61.70388751033913,0.012008391622757011,0.2363928810117109
2025-02,28,Cluster 28,2,451,0.004434589800443459,-64.25720620842571,0.012127976662668521,-1.1925464307920075
2025-03,28,Cluster 28,3,510,0.0058823529411764705,32.647058823529406,0.008171390654120687,-0.9330541146514004
2025-04,28,Cluster 28,3,528,0.005681818181818182,-3.409090909090906,0.0075746302108129285,-0.9689973070897953
2025-05,28,Cluster 28,9,475,0.018947368421052633,233.47368421052633,0.005332920307812703,1.408676401826201
2025-06,28,Cluster 28,10,513,0.01949317738791423,2.8806584362139898,0.010170513181349095,1.5065054105890001
2025-07,28,Cluster 28,5,475,0.010526315789473684,-46.0,0.014707454663595012,-0.10068544765699247
2025-08,28,Cluster 28,1,526,0.0019011406844106464,-81.93916349809886,0.01632228719948018,-1.6466335396894454
2025-09,28,Cluster 28,6,501,0.011976047904191617,529.9401197604791,0.010640211287266185,0.15915978092170113
2025-10,28,Cluster 28,5,268,0.018656716417910446,55.78358208955221,0.008134501459358649,1.3565808902302319
2024-01,29,Cluster 29,9,397,0.022670025188916875,0.0,0.022670025188916875,-0.33484625702577026
2024-02,29,Cluster 29,10,357,0.028011204481792718,23.560535325241226,0.022670025188916875,0.19668389950449183
2024-03,29,Cluster 29,16,479,0.033402922755741124,19.248434237995802,0.025340614835354797,0.7332434682763931
2024-04,29,Cluster 29,14,476,0.029411764705882353,-11.948529411764696,0.028028050808816905,0.3360613579869976
2024-05,29,Cluster 29,9,487,0.018480492813141684,-37.16632443531827,0.030275297314472066,-0.7517696886084951
2024-06,29,Cluster 29,6,473,0.012684989429175475,-31.36011275546159,0.02709839342492172,-1.3285121366592516
2024-07,29,Cluster 29,5,447,0.011185682326621925,-11.81953765846383,0.020192415649399838,-1.4777164406544718
2024-08,29,Cluster 29,12,458,0.026200873362445413,134.23580786026199,0.01411705485631303,0.016527883300029803
2024-09,29,Cluster 29,12,366,0.03278688524590164,25.13661202185793,0.01669051503941427,0.6719381841661514
2024-10,29,Cluster 29,9,415,0.021686746987951807,-33.855421686746986,0.023391146978322994,-0.43269768410084825
2024-11,29,Cluster 29,13,368,0.035326086956521736,62.89251207729467,0.026891501865432956,0.9246281256006229
2024-12,29,Cluster 29,14,391,0.03580562659846547,1.3574660633484115,0.02993323973012506,0.9723497554071332
2025-01,29,Cluster 29,15,403,0.03722084367245657,3.9524991137894316,0.03093948684764634,1.1131857977145179
2025-02,29,Cluster 29,11,451,0.024390243902439025,-34.471544715447145,0.03611751907581459,-0.16365782242588933
2025-03,29,Cluster 29,16,510,0.03137254901960784,28.627450980392144,0.03247223805778702,0.5311897998625059
2025-04,29,Cluster 29,11,528,0.020833333333333332,-33.59375,0.030994545531501147,-0.5176255752183512
2025-05,29,Cluster 29,4,475,0.008421052631578947,-59.578947368421055,0.025532042085126733,-1.7528399618802857
2025-06,29,Cluster 29,10,513,0.01949317738791423,131.4814814814815,0.020208978328173376,-0.6509918713832636
2025-07,29,Cluster 29,17,475,0.035789473684210524,83.60000000000001,0.016249187784275504,0.9707422899820717
2025-08,29,Cluster 29,18,526,0.034220532319391636,-4.383806754641006,0.02123456790123457,0.8146082971873888
2025-09,29,Cluster 29,23,501,0.04590818363273453,34.153914393435336,0.029834394463838797,1.9777108240653756
2025-10,29,Cluster 29,2,268,0.007462686567164179,-83.74432186891629,0.03863939654544556,-1.8482122450970502
2024-01,30,Cluster 30,24,397,0.060453400503778336,0.0,0.060453400503778336,-0.17443030048821292
2024-02,30,Cluster 30,25,357,0.0700280112044818,15.838001867413642,0.060453400503778336,0.06320424665467975
2024-03,30,Cluster 30,24,479,0.05010438413361169,-28.450939457202505,0.06524070585413007,-0.4312850066872072
2024-04,30,Cluster 30,27,476,0.05672268907563025,13.209033613445364,0.060195265280623945,-0.2670237174386952
2024-05,30,Cluster 30,27,487,0.055441478439425054,-2.258726899383978,0.05895169480457458,-0.29882238987003595
2024-06,30,Cluster 30,30,473,0.06342494714587738,14.399812074230667,0.05408951721622233,-0.1006787754724431
2024-07,30,Cluster 30,27,447,0.06040268456375839,-4.765100671140932,0.05852970488697756,-0.17568903150259035
2024-08,30,Cluster 30,30,458,0.06550218340611354,8.44250363901018,0.059756370049686945,-0.049123353174829555
2024-09,30,Cluster 30,25,366,0.06830601092896176,4.280510018214945,0.06310993837191643,0.020465511008427736
2024-10,30,Cluster 30,15,415,0.03614457831325301,-47.0843373493976,0.06473695963294455,-0.777756757656667
2024-11,30,Cluster 30,27,368,0.07336956521739131,102.98913043478262,0.05665092421610943,0.14613907287721511
2024-12,30,Cluster 30,31,391,0.0792838874680307,8.061002178649224,0.059273384819868685,0.29292804776311454
2025-01,30,Cluster 30,24,403,0.05955334987593052,-24.88593612422957,0.06293267699955833,-0.19676887174088825
2025-02,30,Cluster 30,20,451,0.04434589800443459,-25.535846267553573,0.07073560085378416,-0.5742062476975691
2025-03,30,Cluster 30,27,510,0.052941176470588235,19.38235294117645,0.06106104511613194,-0.3608779809178649
2025-04,30,Cluster 30,37,528,0.07007575757575757,32.365319865319854,0.05228014145031778,0.064389275233962
2025-05,30,Cluster 30,26,475,0.05473684210526316,-21.889046941678515,0.055787610683593454,-0.3163109271488088
2025-06,30,Cluster 30,26,513,0.050682261208576995,-7.407407407407418,0.059251258717202986,-0.4169425377026928
2025-07,30,Cluster 30,35,475,0.07368421052631578,45.38461538461538,0.05849828696319923,0.15394832986260973
2025-08,30,Cluster 30,25,526,0.04752851711026616,-35.497012493210214,0.0597011046133853,-0.4952160648500268
2025-09,30,Cluster 30,23,501,0.04590818363273453,-3.4091816367265437,0.05729832961505296,-0.5354315079829164
2025-10,30,Cluster 30,17,268,0.06343283582089553,38.173264114211555,0.05570697042310548,-0.10048298456520989
2025-11,30,Cluster 30,5,20,0.25,294.1176470588235,0.05228984552129873,4.5299719714966455
2024-02,31,Cluster 31,1,357,0.0028011204481792717,0.0,0.0028011204481792717,-1.0669903010969208
2024-03,31,Cluster 31,5,479,0.010438413361169102,272.65135699373695,0.0028011204481792717,1.579367557696946
2024-04,31,Cluster 31,4,476,0.008403361344537815,-19.49579831932773,0.006619766904674187,0.8742124774057777
2024-05,31,Cluster 31,2,487,0.004106776180698152,-51.129363449691986,0.00721429838462873,-0.6145744584684685
2024-06,31,Cluster 31,3,473,0.006342494714587738,54.4397463002114,0.007649516962135023,0.16011251237518667
2024-07,31,Cluster 31,3,447,0.006711409395973154,5.8165548098433995,0.0062842107466079015,0.2879431818848285
2024-08,31,Cluster 31,2,458,0.004366812227074236,-34.93449781659389,0.005720226763753014,-0.5244707472795729
2024-09,31,Cluster 31,1,366,0.00273224043715847,-37.431693989071036,0.005806905445878376,-1.0908575483735934
2024-10,31,Cluster 31,3,415,0.007228915662650603,164.57831325301206,0.004603487353401953,0.4672615334787061
2024-11,31,Cluster 31,1,368,0.002717391304347826,-62.40942028985508,0.004775989442294436,-1.0960028426234558
2024-12,31,Cluster 31,4,391,0.010230179028132993,276.47058823529414,0.004226182468052299,1.5072133834392667
2025-01,31,Cluster 31,2,403,0.004962779156327543,-51.488833746898266,0.006725495331710474,-0.31796540765481257
2025-02,31,Cluster 31,3,451,0.0066518847006651885,34.035476718403544,0.005970116496269454,0.26731759543486755
2025-03,31,Cluster 31,1,510,0.00196078431372549,-70.52287581699346,0.007281614295041909,-1.3581707178723257
2025-04,31,Cluster 31,2,528,0.003787878787878788,93.18181818181819,0.004525149390239407,-0.7250739026106501
2025-05,31,Cluster 31,5,475,0.010526315789473684,177.89473684210523,0.004133515934089823,1.6098261618910108
2025-06,31,Cluster 31,2,513,0.003898635477582846,-62.96296296296296,0.0054249929636926535,-0.6866961895189069
2025-07,31,Cluster 31,2,475,0.004210526315789474,8.000000000000007,0.006070943351645105,-0.5786245494525578
2025-08,31,Cluster 31,3,526,0.005703422053231939,35.45627376425857,0.006211825860948667,-0.061329165845998034
2025-09,31,Cluster 31,6,501,0.011976047904191617,109.98003992015968,0.004604194615534752,2.1121651475287564
2025-10,31,Cluster 31,1,268,0.0037313432835820895,-68.84328358208955,0.007296665424404343,-0.7446637203380773
2023-02,32,Cluster 32,1,1,1.0,0.0,1.0,4.675617276280419
2024-01,32,Cluster 32,22,397,0.055415617128463476,-94.45843828715365,1.0,-0.2680788656196592
2024-02,32,Cluster 32,36,357,0.10084033613445378,81.97097020626434,0.5277078085642317,-0.030338318381170265
2024-03,32,Cluster 32,44,479,0.0918580375782881,-8.907446068197633,0.3854186510876391,-0.07734921070877517
2024-04,32,Cluster 32,44,476,0.09243697478991597,0.6302521008403339,0.08270466361373512,-0.07431921178922249
2024-05,32,Cluster 32,34,487,0.06981519507186858,-24.472652604069456,0.09504511616755262,-0.19271541560432826
2024-06,32,Cluster 32,37,473,0.07822410147991543,12.044521825643573,0.08470340248002421,-0.14870550085146733
2024-07,32,Cluster 32,32,447,0.07158836689038031,-8.482979623919217,0.08015875711389998,-0.18343511959577719
2024-08,32,Cluster 32,27,458,0.05895196506550218,-17.651473799126638,0.0732092211473881,-0.2495705883606097
2024-09,32,Cluster 32,26,366,0.07103825136612021,20.501922687715023,0.0695881444785993,-0.18631427369169434
2024-10,32,Cluster 32,33,415,0.07951807228915662,11.936978683966636,0.06719286110733425,-0.14193321177557752
2024-11,32,Cluster 32,22,368,0.059782608695652176,-24.818840579710145,0.06983609624025967,-0.24522322693464288
2024-12,32,Cluster 32,18,391,0.04603580562659847,-22.994652406417117,0.07011297745030966,-0.3171702319119457
2025-01,32,Cluster 32,15,403,0.03722084367245657,-19.148056244830446,0.061778828870469094,-0.3633053302619826
2025-02,32,Cluster 32,23,451,0.050997782705099776,37.014042867701406,0.0476797526649024,-0.29120060189899677
2025-03,32,Cluster 32,36,510,0.07058823529411765,38.41432225063939,0.04475147733471827,-0.18866953465015834
2025-04,32,Cluster 32,33,528,0.0625,-11.458333333333337,0.05293562055722467,-0.2310011445554086
2025-05,32,Cluster 32,26,475,0.05473684210526316,-12.421052631578943,0.06136200599973914,-0.2716313883209263
2025-06,32,Cluster 32,25,513,0.04873294346978557,-10.96866096866098,0.06260835913312694,-0.30305415060536944
2025-07,32,Cluster 32,25,475,0.05263157894736842,8.000000000000007,0.05532326185834958,-0.2826497595115752
2025-08,32,Cluster 32,36,526,0.06844106463878327,30.038022813688215,0.052033788174139055,-0.19990723821297623
2025-09,32,Cluster 32,34,501,0.06786427145708583,-0.8427589265912583,0.05660186235197909,-0.20292601586666068
2025-10,32,Cluster 32,17,268,0.06343283582089553,-6.529850746268662,0.06297897168107917,-0.22611893717149234
2024-01,33,Cluster 33,5,397,0.012594458438287154,0.0,0.012594458438287154,-0.6553708493758909
2024-02,33,Cluster 33,3,357,0.008403361344537815,-33.27731092436975,0.012594458438287154,-1.1810089001248363
2024-03,33,Cluster 33,7,479,0.014613778705636743,73.90396659707726,0.010498909891412484,-0.40211220481943066
2024-04,33,Cluster 33,13,476,0.0273109243697479,86.88475390156063,0.011870532829487237,1.1903354879130195
2024-05,33,Cluster 33,9,487,0.018480492813141684,-32.33296477649661,0.016776021473307486,0.08284245521544002
2024-06,33,Cluster 33,14,473,0.02959830866807611,60.159736903922955,0.02013506529617544,1.477214125413488
2024-07,33,Cluster 33,16,447,0.035794183445190156,20.933205496963893,0.025129908616988564,2.254286922267563
2024-08,33,Cluster 33,8,458,0.017467248908296942,-51.20087336244541,0.02795766164213598,-0.044236335650599846
2024-09,33,Cluster 33,11,366,0.030054644808743168,72.06284153005464,0.027619913673854402,1.534446786480747
2024-10,33,Cluster 33,7,415,0.016867469879518072,-43.87732749178532,0.027772025720743426,-0.11945928384657792
2024-11,33,Cluster 33,9,368,0.024456521739130436,44.99223602484472,0.021463121198852728,0.832342675709237
2024-12,33,Cluster 33,4,391,0.010230179028132993,-58.16993464052287,0.023792878809130558,-0.9518935003144152
2025-01,33,Cluster 33,7,403,0.017369727047146403,69.78908188585606,0.017184723548927167,-0.05646730998832888
2025-02,33,Cluster 33,4,451,0.008869179600886918,-48.93886601203674,0.017352142604803278,-1.1225870132552167
2025-03,33,Cluster 33,5,510,0.00980392156862745,10.539215686274517,0.01215636189205544,-1.0053537602701803
2025-04,33,Cluster 33,6,528,0.011363636363636364,15.909090909090917,0.012014276072220257,-0.8097378090684042
2025-05,33,Cluster 33,7,475,0.014736842105263158,29.68421052631578,0.010012245844383578,-0.3866778676873604
2025-06,33,Cluster 33,9,513,0.017543859649122806,19.047619047619047,0.011968133345842326,-0.034627987389186814
2025-07,33,Cluster 33,13,475,0.02736842105263158,56.00000000000001,0.014548112706007444,1.1975465936544212
2025-08,33,Cluster 33,7,526,0.013307984790874524,-51.37467095642001,0.019883040935672516,-0.5658819655007369
2025-09,33,Cluster 33,4,501,0.007984031936127744,-40.00570287995438,0.01940675516420964,-1.2336002593627573
2024-01,34,Cluster 34,6,397,0.015113350125944584,0.0,0.015113350125944584,0.2392775800632297
2024-02,34,Cluster 34,2,357,0.0056022408963585435,-62.931839402427634,0.015113350125944584,-1.4764206292914703
2024-03,34,Cluster 34,2,479,0.0041753653444676405,-25.469728601252616,0.010357795511151563,-1.7338130921743484
2024-04,34,Cluster 34,7,476,0.014705882352941176,252.20588235294122,0.008296985455590256,0.16577493051557843
2024-05,34,Cluster 34,7,487,0.014373716632443531,-2.2587268993839893,0.00816116286458912,0.10585593283504954
2024-06,34,Cluster 34,6,473,0.012684989429175475,-11.74871639987919,0.011084988109950783,-0.19877165252826967
2024-07,34,Cluster 34,8,447,0.017897091722595078,41.08873974645786,0.013921529471520061,0.7414335702207856
2024-08,34,Cluster 34,8,458,0.017467248908296942,-2.4017467248908297,0.014985265928071362,0.6638947123448579
2024-10,34,Cluster 34,4,415,0.00963855421686747,-44.81927710843373,0.016016443353355832,-0.7483146461481041
2024-11,34,Cluster 34,5,368,0.01358695652173913,40.964673913043455,0.015000964949253162,-0.036066831433950196
2024-12,34,Cluster 34,5,391,0.01278772378516624,-5.882352941176472,0.013564253215634514,-0.18023951854075632
2025-01,34,Cluster 34,10,403,0.02481389578163772,94.04466501240695,0.01200441150792428,1.9891480115229474
2025-02,34,Cluster 34,3,451,0.0066518847006651885,-73.19290465631929,0.01706285869618103,-1.2870765736152698
2025-03,34,Cluster 34,8,510,0.01568627450980392,135.8169934640523,0.01475116808915638,0.34262676003326065
2025-04,34,Cluster 34,14,528,0.026515151515151516,69.03409090909092,0.01571735166403561,2.296035604251296
2025-05,34,Cluster 34,6,475,0.01263157894736842,-52.3609022556391,0.01628443690854021,-0.20840630877972813
2025-06,34,Cluster 34,8,513,0.015594541910331383,23.456790123456784,0.018277668324107953,0.32607922042926685
2025-07,34,Cluster 34,7,475,0.014736842105263158,-5.499999999999994,0.01824709079095044,0.17135972513192627
2025-08,34,Cluster 34,3,526,0.005703422053231939,-61.29820749592613,0.014320987654320987,-1.4581686751315794
2025-09,34,Cluster 34,9,501,0.017964071856287425,214.9700598802395,0.01201160202294216,0.7535160405893127
2025-10,34,Cluster 34,3,268,0.011194029850746268,-37.68656716417911,0.01280144533826084,-0.4677241602940295
2023-03,35,Cluster 35,1,1,1.0,0.0,1.0,4.581803921085073
2024-01,35,Cluster 35,3,397,0.007556675062972292,-99.24433249370277,1.0,-0.22137584989358575
2024-02,35,Cluster 35,2,357,0.0056022408963585435,-25.863678804855272,0.5037783375314862,-0.23083482696251242
2024-03,35,Cluster 35,3,479,0.006263048016701462,11.79540709812108,0.3377196386531103,-0.22763668424423567
2024-04,35,Cluster 35,1,476,0.0021008403361344537,-66.45658263305323,0.006473987992010766,-0.24778073804718703
2024-05,35,Cluster 35,2,487,0.004106776180698152,95.48254620123204,0.004655376416398152,-0.23807250561880056
2024-06,35,Cluster 35,3,473,0.006342494714587738,54.4397463002114,0.004156888177844689,-0.22725218191289834
2024-07,35,Cluster 35,2,447,0.0044742729306487695,-29.45563012677107,0.004183370410473448,-0.23629391241260897
2024-08,35,Cluster 35,5,458,0.010917030567685589,143.99563318777294,0.004974514608644886,-0.20511256192743432
2024-09,35,Cluster 35,2,366,0.00546448087431694,-49.94535519125682,0.007244599404307365,-0.23150155133305703
2024-10,35,Cluster 35,5,415,0.012048192771084338,120.48192771084341,0.006951928124217101,-0.19963801715843682
2024-11,35,Cluster 35,2,368,0.005434782608695652,-54.8913043478261,0.009476568071028956,-0.2316452835796056
2024-12,35,Cluster 35,6,391,0.015345268542199489,182.3529411764706,0.007649152084698977,-0.18368098742254835
2025-01,35,Cluster 35,6,403,0.01488833746898263,-2.977667493796532,0.010942747973993161,-0.18589242059204045
2025-02,35,Cluster 35,3,451,0.0066518847006651885,-55.32150776053215,0.011889462873292593,-0.22575481104533282
2025-03,35,Cluster 35,3,510,0.0058823529411764705,-11.568627450980395,0.01229516357061577,-0.22947915407573846
2025-04,35,Cluster 35,9,528,0.017045454545454544,189.77272727272725,0.009140858370274764,-0.1754525084630532
2025-05,35,Cluster 35,5,475,0.010526315789473684,-38.24561403508772,0.0098598973957654,-0.20700352463711744
2025-06,35,Cluster 35,4,513,0.007797270955165692,-25.92592592592593,0.011151374425368232,-0.22021142539364041
2025-07,35,Cluster 35,4,475,0.008421052631578947,8.000000000000007,0.011789680430031306,-0.2171924766492923
2025-08,35,Cluster 35,3,526,0.005703422053231939,-32.271863117870716,0.008914879792072774,-0.23034513523535075
2025-09,35,Cluster 35,5,501,0.00998003992015968,74.98336660013307,0.007307248546658859,-0.20964736448059593
2024-01,36,Cluster 36,4,397,0.010075566750629723,0.0,0.010075566750629723,1.2275659576140574
2024-02,36,Cluster 36,2,357,0.0056022408963585435,-44.397759103641455,0.010075566750629723,-0.38564381597657527
2024-03,36,Cluster 36,2,479,0.0041753653444676405,-25.469728601252616,0.007838903823494133,-0.9002161187767619
2024-04,36,Cluster 36,3,476,0.0063025210084033615,50.94537815126052,0.006617724330485302,-0.13310269605722141
2024-05,36,Cluster 36,5,487,0.01026694045174538,62.90212183436002,0.005360042416409849,1.296580810344541
2024-07,36,Cluster 36,2,447,0.0044742729306487695,-56.42058165548099,0.006914942268205461,-0.7924214587996955
2024-08,36,Cluster 36,2,458,0.004366812227074236,-2.4017467248908297,0.007014578130265838,-0.8311748746989288
2024-09,36,Cluster 36,4,366,0.01092896174863388,150.27322404371586,0.006369341869822795,1.535324702754247
2024-10,36,Cluster 36,3,415,0.007228915662650603,-33.855421686746986,0.006590015635452295,0.20098182161922493
2025-02,36,Cluster 36,4,451,0.008869179600886918,22.690317812269022,0.007508229879452905,0.7925081048888801
2025-03,36,Cluster 36,1,510,0.00196078431372549,-77.8921568627451,0.009009019004057133,-1.698857639557215
2025-04,36,Cluster 36,5,528,0.00946969696969697,382.9545454545455,0.006019626525754336,1.0090719144871287
2025-05,36,Cluster 36,5,475,0.010526315789473684,11.157894736842099,0.006766553628103127,1.3901190061931965
2025-06,36,Cluster 36,2,513,0.003898635477582846,-62.96296296296296,0.007318932357632048,-1.0000128562482196
2025-07,36,Cluster 36,4,475,0.008421052631578947,116.00000000000001,0.0079648827455845,0.6309006498882761
2025-08,36,Cluster 36,2,526,0.0038022813688212928,-54.84790874524714,0.0076153346328784914,-1.0347609150848762
2025-09,36,Cluster 36,3,501,0.005988023952095809,57.48502994011977,0.005373989825994362,-0.24651936667968563
2025-10,36,Cluster 36,1,268,0.0037313432835820895,-37.68656716417911,0.006070452650832016,-1.0603432259103713
2024-01,37,Cluster 37,7,397,0.017632241813602016,0.0,0.017632241813602016,0.32977296940021983
2024-02,37,Cluster 37,6,357,0.01680672268907563,-4.681872749099647,0.017632241813602016,0.18756235378169367
2024-03,37,Cluster 37,6,479,0.012526096033402923,-25.469728601252605,0.017219482251338823,-0.5498530904523071
2024-04,37,Cluster 37,7,476,0.014705882352941176,17.40196078431373,0.015655020178693524,-0.17434543083724732
2024-05,37,Cluster 37,5,487,0.01026694045174538,-30.184804928131413,0.014679567025139909,-0.9390335424858929
2024-06,37,Cluster 37,7,473,0.014799154334038054,44.14376321353066,0.012499639612696492,-0.15827764335945085
2024-07,37,Cluster 37,9,447,0.020134228187919462,36.04985618408436,0.013257325712908203,0.7607854220371976
2024-08,37,Cluster 37,11,458,0.024017467248908297,19.286754002911223,0.015066774324567633,1.429743658194304
2024-09,37,Cluster 37,6,366,0.01639344262295082,-31.74366616989568,0.01965028325695527,0.1163673797582957
2024-10,37,Cluster 37,12,415,0.02891566265060241,76.3855421686747,0.02018171268659286,2.273546500308217
2024-11,37,Cluster 37,5,368,0.01358695652173913,-53.01177536231884,0.023108857507487174,-0.36710066394950946
2024-12,37,Cluster 37,5,391,0.01278772378516624,-5.882352941176472,0.019632020598430788,-0.5047829733154109
2025-01,37,Cluster 37,7,403,0.017369727047146403,35.83126550868487,0.018430114319169258,0.2845500479227501
2025-02,37,Cluster 37,4,451,0.008869179600886918,-48.93886601203674,0.014581469118017257,-1.1798231561754584
2025-03,37,Cluster 37,4,510,0.00784313725490196,-11.568627450980395,0.01300887681106652,-1.3565775272591214
2025-04,37,Cluster 37,13,528,0.02462121212121212,213.92045454545453,0.011360681300978425,1.5337496435385123
2025-05,37,Cluster 37,5,475,0.010526315789473684,-57.24696356275303,0.013777842992333665,-0.8943514444475616
2025-06,37,Cluster 37,2,513,0.003898635477582846,-62.96296296296296,0.014330221721862586,-2.0360893754949188
2025-07,37,Cluster 37,6,475,0.01263157894736842,224.00000000000003,0.01301538779608955,-0.531681748703107
2025-08,37,Cluster 37,9,526,0.017110266159695818,35.45627376425857,0.009018843404808316,0.23985321239583746
2025-09,37,Cluster 37,9,501,0.017964071856287425,4.990019960079839,0.011213493528215693,0.3869367021945235
2025-10,37,Cluster 37,6,268,0.022388059701492536,24.626865671641784,0.01590197232111722,1.1490487069484325
2024-01,38,Cluster 38,6,397,0.015113350125944584,0.0,0.015113350125944584,-0.3814854032677214
2024-02,38,Cluster 38,5,357,0.014005602240896359,-7.3295985060690905,0.015113350125944584,-0.6290358076143369
2024-03,38,Cluster 38,9,479,0.018789144050104383,34.15448851774529,0.014559476183420472,0.4399508499650953
2024-04,38,Cluster 38,6,476,0.012605042016806723,-32.91316526610644,0.015969365472315106,-0.9420215099251855
2024-05,38,Cluster 38,14,487,0.028747433264887063,128.062970568104,0.015133262769269155,2.6653475805692555
2024-06,38,Cluster 38,7,473,0.014799154334038054,-48.520084566596196,0.020047206443932722,-0.451699299751108
2024-07,38,Cluster 38,7,447,0.015659955257270694,5.8165548098433995,0.01871720987191061,-0.2593345753545427
2024-08,38,Cluster 38,10,458,0.021834061135371178,39.426076107298805,0.019735514285398603,1.1204039258262135
2024-09,38,Cluster 38,4,366,0.01092896174863388,-49.94535519125682,0.017431056908893308,-1.3165781700676764
2024-10,38,Cluster 38,11,415,0.02650602409638554,142.53012048192772,0.016140992713758583,2.1644558583118867
2024-11,38,Cluster 38,5,368,0.01358695652173913,-48.740118577075094,0.01975634899346353,-0.7225913164572538
2024-12,38,Cluster 38,6,391,0.015345268542199489,12.941176470588234,0.01700731412225285,-0.3296581793170036
2025-01,38,Cluster 38,8,403,0.019851116625310174,29.3631100082713,0.01847941638677472,0.6772717638170457
2025-02,38,Cluster 38,7,451,0.015521064301552107,-21.812638580931253,0.01626111389641626,-0.29037278604517036
2025-03,38,Cluster 38,9,510,0.01764705882352941,13.697478991596634,0.016905816489687253,0.1847270183938691
2025-04,38,Cluster 38,8,528,0.015151515151515152,-14.141414141414133,0.01767307991679723,-0.3729565966327336
2025-05,38,Cluster 38,8,475,0.016842105263157894,11.157894736842099,0.016106546092198887,0.004842604223634022
2025-06,38,Cluster 38,6,513,0.011695906432748537,-30.555555555555557,0.016546893079400816,-1.145187667565561
2025-07,38,Cluster 38,10,475,0.021052631578947368,80.0,0.01456317561580719,0.9457764629602481
2025-08,38,Cluster 38,8,526,0.015209125475285171,-27.756653992395442,0.016530214424951267,-0.36008231437383603
2025-09,38,Cluster 38,9,501,0.017964071856287425,18.113772455089826,0.01598588782899369,0.25557048873728266
2025-10,38,Cluster 38,3,268,0.011194029850746268,-37.68656716417911,0.01807527630350665,-1.2573429264323839
2024-02,39,Cluster 39,3,357,0.008403361344537815,0.0,0.008403361344537815,-0.34697450791853757
2024-03,39,Cluster 39,6,479,0.012526096033402923,49.06054279749479,0.008403361344537815,0.6169435097975429
2024-04,39,Cluster 39,4,476,0.008403361344537815,-32.913165266106446,0.01046472868897037,-0.34697450791853757
2024-05,39,Cluster 39,6,487,0.012320328542094456,46.611909650924034,0.009777606240826185,0.5688339399850194
2024-06,39,Cluster 39,8,473,0.016913319238900635,37.27977448907682,0.011083261973345067,1.6427003956197215
2024-07,39,Cluster 39,5,447,0.011185682326621925,-33.864653243847876,0.012545669708510968,0.30354742184421535
2024-08,39,Cluster 39,5,458,0.010917030567685589,-2.401746724890841,0.013473110035872338,0.2407351648175242
2024-09,39,Cluster 39,4,366,0.01092896174863388,0.10928961748635224,0.013005344044402714,0.2435247404649094
2024-10,39,Cluster 39,6,415,0.014457831325301205,32.28915662650602,0.011010558214313798,1.0685938326640283
2024-12,39,Cluster 39,1,391,0.0025575447570332483,-82.31031543052003,0.012101274547206891,-1.7137585389594325
2025-01,39,Cluster 39,3,403,0.007444168734491315,191.06699751861038,0.009314779276989444,-0.5712390092897017
2025-02,39,Cluster 39,2,451,0.004434589800443459,-40.42867701404287,0.008153181605608588,-1.2748950966199435
2025-03,39,Cluster 39,8,510,0.01568627450980392,253.72549019607843,0.004812101097322674,1.355810597419911
2025-04,39,Cluster 39,6,528,0.011363636363636364,-27.556818181818176,0.009188344348246232,0.3451540532548705
2025-05,39,Cluster 39,8,475,0.016842105263157894,48.21052631578946,0.010494833557961247,1.6260501768906284
2025-06,39,Cluster 39,6,513,0.011695906432748537,-30.555555555555557,0.014630672045532728,0.4228406206757678
2025-07,39,Cluster 39,3,475,0.00631578947368421,-46.0,0.013300549353180932,-0.8350602790034046
2025-08,39,Cluster 39,1,526,0.0019011406844106464,-69.89860583016477,0.011617933723196881,-1.867229416969609
2025-09,39,Cluster 39,3,501,0.005988023952095809,214.97005988023955,0.0066376121969477985,-0.9116936584683684
2025-10,39,Cluster 39,2,268,0.007462686567164179,24.626865671641784,0.004734984703396888,-0.566909438286592
2024-01,40,Cluster 40,3,397,0.007556675062972292,0.0,0.007556675062972292,0.5162729448834195
2024-02,40,Cluster 40,1,357,0.0028011204481792717,-62.931839402427634,0.007556675062972292,-0.8630680472611181
2024-03,40,Cluster 40,3,479,0.006263048016701462,123.59081419624216,0.005178897755575782,0.14105849399315742
2024-04,40,Cluster 40,1,476,0.0021008403361344537,-66.45658263305323,0.005540281175951008,-1.0661831711043603
2024-05,40,Cluster 40,1,487,0.002053388090349076,-2.258726899383978,0.0037216696003383952,-1.0799466189212537
2024-06,40,Cluster 40,4,473,0.008456659619450317,311.8393234672305,0.003472425481061664,0.7773120226779642
2024-07,40,Cluster 40,1,447,0.0022371364653243847,-73.54586129753915,0.004203629348644616,-1.0266506973362126
2024-08,40,Cluster 40,3,458,0.006550218340611353,192.7947598253275,0.004249061391707926,0.2243517860655855
2024-09,40,Cluster 40,1,366,0.00273224043715847,-58.28779599271403,0.005748004808462018,-0.8830465840325845
2024-10,40,Cluster 40,1,415,0.0024096385542168677,-11.807228915662638,0.003839865081031403,-0.9766167429999908
2024-12,40,Cluster 40,3,391,0.0076726342710997444,218.41432225063934,0.0038973657773288973,0.549906727300568
2025-01,40,Cluster 40,2,403,0.004962779156327543,-35.318444995864354,0.004271504420825027,-0.23608240442986866
2025-02,40,Cluster 40,1,451,0.0022172949002217295,-55.32150776053215,0.005015017327214718,-1.0324057114851959
2025-03,40,Cluster 40,4,510,0.00784313725490196,253.72549019607843,0.0049509027758830055,0.599360844410227
2025-04,40,Cluster 40,3,528,0.005681818181818182,-27.556818181818176,0.005007737103817078,-0.027526287815052834
2025-06,40,Cluster 40,6,513,0.011695906432748537,105.84795321637426,0.005247416778980624,1.7168503678705918
2025-07,40,Cluster 40,7,475,0.014736842105263158,26.0,0.008406953956489561,2.5988688846018086
2025-08,40,Cluster 40,2,526,0.0038022813688212928,-74.19880499728409,0.010704855573276627,-0.5726829272418819
2025-09,40,Cluster 40,4,501,0.007984031936127744,109.98003992015968,0.010078343302277663,0.6402271208241965
2024-01,41,Cluster 41,3,397,0.007556675062972292,0.0,0.007556675062972292,-0.698410845853713
2024-02,41,Cluster 41,4,357,0.011204481792717087,48.272642390289455,0.007556675062972292,0.10248747145652327
2024-03,41,Cluster 41,5,479,0.010438413361169102,-6.837160751565763,0.009380578427844689,-0.06570754632453037
2024-04,41,Cluster 41,2,476,0.004201680672268907,-59.747899159663866,0.00973319007228616,-1.4350204200916574
2024-05,41,Cluster 41,9,487,0.018480492813141684,339.83572895277206,0.008614858608718365,1.6999802704778362
2024-06,41,Cluster 41,7,473,0.014799154334038054,-19.920131548038523,0.011040195615526565,0.8917198521497541
2024-07,41,Cluster 41,6,447,0.013422818791946308,-9.300095877277082,0.012493775939816217,0.5895369511952757
2024-08,41,Cluster 41,7,458,0.015283842794759825,13.86462882096069,0.015567488646375352,0.9981361733452886
2024-09,41,Cluster 41,3,366,0.00819672131147541,-46.37002341920374,0.014501938640248064,-0.5578847704871215
2024-10,41,Cluster 41,3,415,0.007228915662650603,-11.807228915662648,0.01230112763272718,-0.7703724303476969
2024-11,41,Cluster 41,2,368,0.005434782608695652,-24.818840579710145,0.010236493256295281,-1.1642853348407822
2024-12,41,Cluster 41,5,391,0.01278772378516624,135.29411764705884,0.0069534731942738895,0.45009795128480756
2025-01,41,Cluster 41,4,403,0.009925558312655087,-22.382133995037222,0.008483807352170832,-0.17830801444408742
2025-02,41,Cluster 41,5,451,0.011086474501108648,11.696230598669622,0.009382688235505662,0.07657824756347206
2025-03,41,Cluster 41,7,510,0.013725490196078431,23.80392156862743,0.011266585532976658,0.6559903124138683
2025-04,41,Cluster 41,5,528,0.00946969696969697,-31.006493506493506,0.011579174336614059,-0.2783951653133669
2025-05,41,Cluster 41,5,475,0.010526315789473684,11.157894736842099,0.011427220555628018,-0.046408029619721666
2025-06,41,Cluster 41,12,513,0.023391812865497075,122.22222222222223,0.01124050098508303,2.7782906792035322
2025-07,41,Cluster 41,2,475,0.004210526315789474,-82.0,0.014462608541555913,-1.4330783048602282
2025-08,41,Cluster 41,6,526,0.011406844106463879,170.91254752851714,0.012709551656920079,0.14691735729593844
2025-09,41,Cluster 41,3,501,0.005988023952095809,-47.50499001996008,0.01300306109591681,-1.0428178082356545
2025-10,41,Cluster 41,2,268,0.007462686567164179,24.626865671641784,0.007201798124783054,-0.7190465959677286
