cluster_id,size,name,description,keywords,causal_summary,evidence_bullets,limitations,top_phase,purity_reference_col,purity_context
15,1246,Taxi - Deviation / Discrepancy - Procedural Published Mat...,Incidents in Taxi. Common theme: Deviation / Discrepancy - Procedural Published Material / Po. Aircraft: Commercial Fixed Wing.,"aircraft, runway, taxiway, taxi, gate, ground, ramp, crew","Cluster 15 contains 1246 reports, mostly in the taxi phase. Likely cause drivers are procedural compliance / SOP adherence, airspace conflict / traffic separation. The recurring event pattern is deviation / discrepancy - procedural published mat.... Evidence appears in repeated terms: aircraft, runway, taxiway, taxi, gate, ground. Operationally, this points to a repeatable risk pathway where similar triggers are producing similar outcomes across reports in the same cluster. The cluster should be treated as a targeted risk theme for focused mitigations, crew briefing updates, and short-cycle trend monitoring. This is an inferred causal pattern from clustered reports, not a proven single root cause.","Phase: Taxi | Anomaly / theme: Deviation / Discrepancy - Procedural Published Material / Policy; Ground Event / Encounter Loss Of Aircraft Control | Aircraft context: Commercial Fixed Wing | Key terms: aircraft, runway, taxiway, taxi, gate, ground, ramp, crew | Dominant anomaly_normalized: airspace_conflict (47.1% of this cluster)",Descriptive only; not proven root cause. Ground claims in Narrative/Synopsis and fields above.,Taxi,anomaly_normalized,Dominant anomaly_normalized: airspace_conflict (47.1% of this cluster)
23,769,Final Approach - Conflict NMAC; Deviation / Discrepancy -...,Incidents in Final Approach. Common theme: Conflict NMAC; Deviation / Discrepancy - Procedural Publishe. Aircraft: Skyhawk 172/Cutlass 172.,"aircraft, runway, traffic, pattern, tower, final, takeoff, pilot","Cluster 23 contains 769 reports, mostly in the final approach phase. Likely cause drivers are procedural compliance / SOP adherence, ATC communication / coordination. The recurring event pattern is conflict nmac; deviation / discrepancy -.... Evidence appears in repeated terms: aircraft, runway, traffic, pattern, tower, final. Operationally, this points to a repeatable risk pathway where similar triggers are producing similar outcomes across reports in the same cluster. The cluster should be treated as a targeted risk theme for focused mitigations, crew briefing updates, and short-cycle trend monitoring. This is an inferred causal pattern from clustered reports, not a proven single root cause.","Phase: Final Approach | Anomaly / theme: Conflict NMAC; Deviation / Discrepancy - Procedural Published Material / Policy | Aircraft context: Skyhawk 172/Cutlass 172 | Key terms: aircraft, runway, traffic, pattern, tower, final, takeoff, pilot | Dominant anomaly_normalized: airspace_conflict (93.1% of this cluster)",Descriptive only; not proven root cause. Ground claims in Narrative/Synopsis and fields above.,Final Approach,anomaly_normalized,Dominant anomaly_normalized: airspace_conflict (93.1% of this cluster)
17,589,Cruise - Inflight Event / Encounter Wake Vortex Encounter,Incidents in Cruise. Common theme: Inflight Event / Encounter Wake Vortex Encounter. Aircraft: B737 Undifferentiated or Other Model.,"turbulence, aircraft, wake, flight, wake turbulence, approach, altitude, atc","Cluster 17 contains 589 reports, mostly in the cruise phase. Likely cause drivers are ATC communication / coordination, airspace conflict / traffic separation. The recurring event pattern is inflight event / encounter wake vortex encounter. Evidence appears in repeated terms: turbulence, aircraft, wake, flight, wake turbulence, approach. Operationally, this points to a repeatable risk pathway where similar triggers are producing similar outcomes across reports in the same cluster. The cluster should be treated as a targeted risk theme for focused mitigations, crew briefing updates, and short-cycle trend monitoring. This is an inferred causal pattern from clustered reports, not a proven single root cause.","Phase: Cruise | Anomaly / theme: Inflight Event / Encounter Wake Vortex Encounter | Aircraft context: B737 Undifferentiated or Other Model | Key terms: turbulence, aircraft, wake, flight, wake turbulence, approach, altitude, atc | Dominant anomaly_normalized: other (78.1% of this cluster)",Descriptive only; not proven root cause. Ground claims in Narrative/Synopsis and fields above.,Cruise,anomaly_normalized,Dominant anomaly_normalized: other (78.1% of this cluster)
28,492,Initial Approach - Deviation / Discrepancy - Procedural P...,Incidents in Initial Approach. Common theme: Deviation / Discrepancy - Procedural Published Material / Po. Aircraft: Commercial Fixed Wing.,"approach, altitude, terrain, visual, atc, aircraft, runway, alert","Cluster 28 contains 492 reports, mostly in the initial approach phase. Likely cause drivers are procedural compliance / SOP adherence, ATC communication / coordination. The recurring event pattern is deviation / discrepancy - procedural p.... Evidence appears in repeated terms: approach, altitude, terrain, visual, atc, aircraft. Operationally, this points to a repeatable risk pathway where similar triggers are producing similar outcomes across reports in the same cluster. The cluster should be treated as a targeted risk theme for focused mitigations, crew briefing updates, and short-cycle trend monitoring. This is an inferred causal pattern from clustered reports, not a proven single root cause.","Phase: Initial Approach | Anomaly / theme: Deviation / Discrepancy - Procedural Published Material / Policy; Inflight Event / Encounter CFTT / CFIT | Aircraft context: Commercial Fixed Wing | Key terms: approach, altitude, terrain, visual, atc, aircraft, runway, alert | Dominant anomaly_normalized: other (81.9% of this cluster)",Descriptive only; not proven root cause. Ground claims in Narrative/Synopsis and fields above.,Initial Approach,anomaly_normalized,Dominant anomaly_normalized: other (81.9% of this cluster)
0,324,Parked - Deviation / Discrepancy - Procedural Hazardous M...,Incidents in Parked. Common theme: Deviation / Discrepancy - Procedural Hazardous Material Viol. Aircraft: B737 Undifferentiated or Other Model.,"dg, flight, dangerous, goods, dangerous goods, final, aircraft, cargo","Cluster 0 contains 324 reports, mostly in the parked phase. Likely cause drivers are procedural compliance / SOP adherence, airspace conflict / traffic separation. The recurring event pattern is deviation / discrepancy - procedural hazardous m.... Evidence appears in repeated terms: dg, flight, dangerous, goods, dangerous goods, final. Operationally, this points to a repeatable risk pathway where similar triggers are producing similar outcomes across reports in the same cluster. The cluster should be treated as a targeted risk theme for focused mitigations, crew briefing updates, and short-cycle trend monitoring. This is an inferred causal pattern from clustered reports, not a proven single root cause.","Phase: Parked | Anomaly / theme: Deviation / Discrepancy - Procedural Hazardous Material Violation; Deviation / Discrepancy - Procedural Published Material / Policy | Aircraft context: B737 Undifferentiated or Other Model | Key terms: dg, flight, dangerous, goods, dangerous goods, final, aircraft, cargo | Dominant anomaly_normalized: other (92.0% of this cluster)",Descriptive only; not proven root cause. Ground claims in Narrative/Synopsis and fields above.,Parked,anomaly_normalized,Dominant anomaly_normalized: other (92.0% of this cluster)
12,280,Cruise - Aircraft Equipment Problem Critical; Flight Deck...,Incidents in Cruise. Common theme: Aircraft Equipment Problem Critical; Flight Deck / Cabin / A. Aircraft: Commercial Fixed Wing.,"flight, smoke, aircraft, crew, smell, engine, captain, cabin","Cluster 12 contains 280 reports, mostly in the cruise phase. Likely cause drivers are system / equipment reliability, airspace conflict / traffic separation. The recurring event pattern is aircraft equipment problem critical; flight deck.... Evidence appears in repeated terms: flight, smoke, aircraft, crew, smell, engine. Operationally, this points to a repeatable risk pathway where similar triggers are producing similar outcomes across reports in the same cluster. The cluster should be treated as a targeted risk theme for focused mitigations, crew briefing updates, and short-cycle trend monitoring. This is an inferred causal pattern from clustered reports, not a proven single root cause.","Phase: Cruise | Anomaly / theme: Aircraft Equipment Problem Critical; Flight Deck / Cabin / Aircraft Event Smoke / Fire / Fumes / Odor | Aircraft context: Commercial Fixed Wing | Key terms: flight, smoke, aircraft, crew, smell, engine, captain, cabin | Dominant anomaly_normalized: system_failure (90.7% of this cluster)",Descriptive only; not proven root cause. Ground claims in Narrative/Synopsis and fields above.,Cruise,anomaly_normalized,Dominant anomaly_normalized: system_failure (90.7% of this cluster)
9,250,Parked - Aircraft Equipment Problem Critical; Deviation /...,Incidents in Parked. Common theme: Aircraft Equipment Problem Critical; Deviation / Discrepancy. Aircraft: Commercial Fixed Wing.,"aircraft, maintenance, engine, flight, oil, control, day, crew","Cluster 9 contains 250 reports, mostly in the parked phase. Likely cause drivers are system / equipment reliability, procedural compliance / SOP adherence. The recurring event pattern is aircraft equipment problem critical; deviation /.... Evidence appears in repeated terms: aircraft, maintenance, engine, flight, oil, control. Operationally, this points to a repeatable risk pathway where similar triggers are producing similar outcomes across reports in the same cluster. The cluster should be treated as a targeted risk theme for focused mitigations, crew briefing updates, and short-cycle trend monitoring. This is an inferred causal pattern from clustered reports, not a proven single root cause.","Phase: Parked | Anomaly / theme: Aircraft Equipment Problem Critical; Deviation / Discrepancy - Procedural Maintenance; Deviation / Discrepancy - Procedural Published Material / Polic... | Aircraft context: Commercial Fixed Wing | Key terms: aircraft, maintenance, engine, flight, oil, control, day, crew | Dominant anomaly_normalized: system_failure (96.8% of this cluster)",Descriptive only; not proven root cause. Ground claims in Narrative/Synopsis and fields above.,Parked,anomaly_normalized,Dominant anomaly_normalized: system_failure (96.8% of this cluster)
32,241,Initial Approach - Deviation / Discrepancy - Procedural P...,Incidents in Initial Approach. Common theme: Deviation / Discrepancy - Procedural Published Material / Po. Aircraft: B737 Undifferentiated or Other Model.,"approach, altitude, visual, aircraft, atc, zzz, flight, runway","Cluster 32 contains 241 reports, mostly in the initial approach phase. Likely cause drivers are procedural compliance / SOP adherence, ATC communication / coordination. The recurring event pattern is deviation / discrepancy - procedural p.... Evidence appears in repeated terms: approach, altitude, visual, aircraft, atc, zzz. Operationally, this points to a repeatable risk pathway where similar triggers are producing similar outcomes across reports in the same cluster. The cluster should be treated as a targeted risk theme for focused mitigations, crew briefing updates, and short-cycle trend monitoring. This is an inferred causal pattern from clustered reports, not a proven single root cause.","Phase: Initial Approach | Anomaly / theme: Deviation / Discrepancy - Procedural Published Material / Policy; Inflight Event / Encounter CFTT / CFIT | Aircraft context: B737 Undifferentiated or Other Model | Key terms: approach, altitude, visual, aircraft, atc, zzz, flight, runway | Dominant anomaly_normalized: other (69.7% of this cluster)",Descriptive only; not proven root cause. Ground claims in Narrative/Synopsis and fields above.,Initial Approach,anomaly_normalized,Dominant anomaly_normalized: other (69.7% of this cluster)
8,233,Parked - Deviation / Discrepancy - Procedural Published M...,Incidents in Parked. Common theme: Deviation / Discrepancy - Procedural Published Material / Po. Aircraft: Commercial Fixed Wing.,"door, slide, flight, gate, agent, aircraft, handle, open","Cluster 8 contains 233 reports, mostly in the parked phase. Likely cause drivers are system / equipment reliability, procedural compliance / SOP adherence. The recurring event pattern is deviation / discrepancy - procedural published m.... Evidence appears in repeated terms: door, slide, flight, gate, agent, aircraft. Operationally, this points to a repeatable risk pathway where similar triggers are producing similar outcomes across reports in the same cluster. The cluster should be treated as a targeted risk theme for focused mitigations, crew briefing updates, and short-cycle trend monitoring. This is an inferred causal pattern from clustered reports, not a proven single root cause.","Phase: Parked | Anomaly / theme: Deviation / Discrepancy - Procedural Published Material / Policy; Flight Deck / Cabin / Aircraft Event Other / Unknown | Aircraft context: Commercial Fixed Wing | Key terms: door, slide, flight, gate, agent, aircraft, handle, open | Dominant anomaly_normalized: system_failure (67.4% of this cluster)",Descriptive only; not proven root cause. Ground claims in Narrative/Synopsis and fields above.,Parked,anomaly_normalized,Dominant anomaly_normalized: system_failure (67.4% of this cluster)
3,194,Cruise - Airspace Violation All Types; Deviation / Discre...,Incidents in Cruise. Common theme: Airspace Violation All Types; Deviation / Discrepancy - Proc. Aircraft: Small UAS (At or above 0.55 lbs and less than 55 l.,"airspace, drone, flight, uas, laanc, authorization, flying, pilot","Cluster 3 contains 194 reports, mostly in the cruise phase. Likely cause drivers are procedural compliance / SOP adherence, airspace conflict / traffic separation. The recurring event pattern is airspace violation all types; deviation / discre.... Evidence appears in repeated terms: airspace, drone, flight, uas, laanc, authorization. Operationally, this points to a repeatable risk pathway where similar triggers are producing similar outcomes across reports in the same cluster. The cluster should be treated as a targeted risk theme for focused mitigations, crew briefing updates, and short-cycle trend monitoring. This is an inferred causal pattern from clustered reports, not a proven single root cause.","Phase: Cruise | Anomaly / theme: Airspace Violation All Types; Deviation / Discrepancy - Procedural FAR; Deviation / Discrepancy - Procedural Published Material / Policy; Deviation / ... | Aircraft context: Small UAS (At or above 0.55 lbs and less than 55 lbs) | Key terms: airspace, drone, flight, uas, laanc, authorization, flying, pilot | Dominant anomaly_normalized: other (83.5% of this cluster)",Descriptive only; not proven root cause. Ground claims in Narrative/Synopsis and fields above.,Cruise,anomaly_normalized,Dominant anomaly_normalized: other (83.5% of this cluster)
41,182,Cruise - Aircraft Equipment Problem Critical,Incidents in Cruise. Common theme: Aircraft Equipment Problem Critical. Aircraft: Skyhawk 172/Cutlass 172.,"engine, power, zzz, runway, flight, aircraft, landing, airport","Cluster 41 contains 182 reports, mostly in the cruise phase. Likely cause drivers are system / equipment reliability, airspace conflict / traffic separation. The recurring event pattern is aircraft equipment problem critical. Evidence appears in repeated terms: engine, power, zzz, runway, flight, aircraft. Operationally, this points to a repeatable risk pathway where similar triggers are producing similar outcomes across reports in the same cluster. The cluster should be treated as a targeted risk theme for focused mitigations, crew briefing updates, and short-cycle trend monitoring. This is an inferred causal pattern from clustered reports, not a proven single root cause.","Phase: Cruise | Anomaly / theme: Aircraft Equipment Problem Critical | Aircraft context: Skyhawk 172/Cutlass 172 | Key terms: engine, power, zzz, runway, flight, aircraft, landing, airport | Dominant anomaly_normalized: system_failure (98.9% of this cluster)",Descriptive only; not proven root cause. Ground claims in Narrative/Synopsis and fields above.,Cruise,anomaly_normalized,Dominant anomaly_normalized: system_failure (98.9% of this cluster)
5,171,Cruise - Aircraft Equipment Problem Less Severe; Deviatio...,Incidents in Cruise. Common theme: Aircraft Equipment Problem Less Severe; Deviation / Discrepa. Aircraft: Commercial Fixed Wing.,"gps, jamming, flight, gps jamming, aircraft, interference, atc, approach","Cluster 5 contains 171 reports, mostly in the cruise phase. Likely cause drivers are system / equipment reliability, ATC communication / coordination. The recurring event pattern is aircraft equipment problem less severe; deviatio.... Evidence appears in repeated terms: gps, jamming, flight, gps jamming, aircraft, interference. Operationally, this points to a repeatable risk pathway where similar triggers are producing similar outcomes across reports in the same cluster. The cluster should be treated as a targeted risk theme for focused mitigations, crew briefing updates, and short-cycle trend monitoring. This is an inferred causal pattern from clustered reports, not a proven single root cause.","Phase: Cruise | Anomaly / theme: Aircraft Equipment Problem Less Severe; Deviation / Discrepancy - Procedural Published Material / Policy | Aircraft context: Commercial Fixed Wing | Key terms: gps, jamming, flight, gps jamming, aircraft, interference, atc, approach | Dominant anomaly_normalized: system_failure (95.3% of this cluster)",Descriptive only; not proven root cause. Ground claims in Narrative/Synopsis and fields above.,Cruise,anomaly_normalized,Dominant anomaly_normalized: system_failure (95.3% of this cluster)
2,166,Final Approach - Airspace Violation All Types; Conflict N...,Incidents in Final Approach. Common theme: Airspace Violation All Types; Conflict NMAC; Deviation / Dis. Aircraft: Medium Large Transport; Low Wing; 2 Turbojet Eng.,"drone, approach, aircraft, feet, flight, uas, reported, evasive","Cluster 2 contains 166 reports, mostly in the final approach phase. Likely cause drivers are airspace conflict / traffic separation. The recurring event pattern is airspace violation all types; conflict n.... Evidence appears in repeated terms: drone, approach, aircraft, feet, flight, uas. Operationally, this points to a repeatable risk pathway where similar triggers are producing similar outcomes across reports in the same cluster. The cluster should be treated as a targeted risk theme for focused mitigations, crew briefing updates, and short-cycle trend monitoring. This is an inferred causal pattern from clustered reports, not a proven single root cause.","Phase: Final Approach | Anomaly / theme: Airspace Violation All Types; Conflict NMAC; Deviation / Discrepancy - Procedural FAR; Deviation / Discrepancy - Procedural Published Material / Polic... | Aircraft context: Medium Large Transport; Low Wing; 2 Turbojet Eng | Key terms: drone, approach, aircraft, feet, flight, uas, reported, evasive | Dominant anomaly_normalized: airspace_conflict (95.2% of this cluster)",Descriptive only; not proven root cause. Ground claims in Narrative/Synopsis and fields above.,Final Approach,anomaly_normalized,Dominant anomaly_normalized: airspace_conflict (95.2% of this cluster)
33,164,Landing - Aircraft Equipment Problem Critical,Incidents in Landing. Common theme: Aircraft Equipment Problem Critical. Aircraft: B737 Undifferentiated or Other Model.,"gear, landing, landing gear, aircraft, nose, runway, flight, nose gear","Cluster 33 contains 164 reports, mostly in the landing phase. Likely cause drivers are system / equipment reliability, airspace conflict / traffic separation. The recurring event pattern is aircraft equipment problem critical. Evidence appears in repeated terms: gear, landing, landing gear, aircraft, nose, runway. Operationally, this points to a repeatable risk pathway where similar triggers are producing similar outcomes across reports in the same cluster. The cluster should be treated as a targeted risk theme for focused mitigations, crew briefing updates, and short-cycle trend monitoring. This is an inferred causal pattern from clustered reports, not a proven single root cause.","Phase: Landing | Anomaly / theme: Aircraft Equipment Problem Critical | Aircraft context: B737 Undifferentiated or Other Model | Key terms: gear, landing, landing gear, aircraft, nose, runway, flight, nose gear | Dominant anomaly_normalized: system_failure (95.7% of this cluster)",Descriptive only; not proven root cause. Ground claims in Narrative/Synopsis and fields above.,Landing,anomaly_normalized,Dominant anomaly_normalized: system_failure (95.7% of this cluster)
38,143,Cruise - ATC Issue All Types; Deviation / Discrepancy - P...,Incidents in Cruise. Common theme: ATC Issue All Types; Deviation / Discrepancy - Procedural Pu. Aircraft: Skyhawk 172/Cutlass 172.,"aircraft, zzz, traffic, altitude, approach, tower, pilot, flight","Cluster 38 contains 143 reports, mostly in the cruise phase. Likely cause drivers are procedural compliance / SOP adherence, ATC communication / coordination. The recurring event pattern is atc issue all types; deviation / discrepancy - p.... Evidence appears in repeated terms: aircraft, zzz, traffic, altitude, approach, tower. Operationally, this points to a repeatable risk pathway where similar triggers are producing similar outcomes across reports in the same cluster. The cluster should be treated as a targeted risk theme for focused mitigations, crew briefing updates, and short-cycle trend monitoring. This is an inferred causal pattern from clustered reports, not a proven single root cause.","Phase: Cruise | Anomaly / theme: ATC Issue All Types; Deviation / Discrepancy - Procedural Published Material / Policy; Inflight Event / Encounter CFTT / CFIT | Aircraft context: Skyhawk 172/Cutlass 172 | Key terms: aircraft, zzz, traffic, altitude, approach, tower, pilot, flight | Dominant anomaly_normalized: other (53.1% of this cluster)",Descriptive only; not proven root cause. Ground claims in Narrative/Synopsis and fields above.,Cruise,anomaly_normalized,Dominant anomaly_normalized: other (53.1% of this cluster)
29,140,Cruise - ATC Issue All Types; Deviation / Discrepancy - P...,Incidents in Cruise. Common theme: ATC Issue All Types; Deviation / Discrepancy - Procedural Pu. Aircraft: Commercial Fixed Wing.,"aircraft, frequency, tower, traffic, airspace, controller, radio, airport","Cluster 29 contains 140 reports, mostly in the cruise phase. Likely cause drivers are procedural compliance / SOP adherence, ATC communication / coordination. The recurring event pattern is atc issue all types; deviation / discrepancy - p.... Evidence appears in repeated terms: aircraft, frequency, tower, traffic, airspace, controller. Operationally, this points to a repeatable risk pathway where similar triggers are producing similar outcomes across reports in the same cluster. The cluster should be treated as a targeted risk theme for focused mitigations, crew briefing updates, and short-cycle trend monitoring. This is an inferred causal pattern from clustered reports, not a proven single root cause.","Phase: Cruise | Anomaly / theme: ATC Issue All Types; Deviation / Discrepancy - Procedural Published Material / Policy | Aircraft context: Commercial Fixed Wing | Key terms: aircraft, frequency, tower, traffic, airspace, controller, radio, airport | Dominant anomaly_normalized: other (67.9% of this cluster)",Descriptive only; not proven root cause. Ground claims in Narrative/Synopsis and fields above.,Cruise,anomaly_normalized,Dominant anomaly_normalized: other (67.9% of this cluster)
40,130,Landing - Ground Event / Encounter Loss Of Aircraft Contr...,Incidents in Landing. Common theme: Ground Event / Encounter Loss Of Aircraft Control; Ground Ex. Aircraft: Skyhawk 172/Cutlass 172.,"runway, aircraft, student, landing, left, flight, pilot, right","Cluster 40 contains 130 reports, mostly in the landing phase. Likely cause drivers are airspace conflict / traffic separation, ground movement / surface operations. The recurring event pattern is ground event / encounter loss of aircraft contr.... Evidence appears in repeated terms: runway, aircraft, student, landing, left, flight. Operationally, this points to a repeatable risk pathway where similar triggers are producing similar outcomes across reports in the same cluster. The cluster should be treated as a targeted risk theme for focused mitigations, crew briefing updates, and short-cycle trend monitoring. This is an inferred causal pattern from clustered reports, not a proven single root cause.","Phase: Landing | Anomaly / theme: Ground Event / Encounter Loss Of Aircraft Control; Ground Excursion Runway | Aircraft context: Skyhawk 172/Cutlass 172 | Key terms: runway, aircraft, student, landing, left, flight, pilot, right | Dominant anomaly_normalized: other (60.0% of this cluster)",Descriptive only; not proven root cause. Ground claims in Narrative/Synopsis and fields above.,Landing,anomaly_normalized,Dominant anomaly_normalized: other (60.0% of this cluster)
43,130,Takeoff / Launch - Aircraft Equipment Problem Critical,Incidents in Takeoff / Launch. Common theme: Aircraft Equipment Problem Critical. Aircraft: B737-800.,"takeoff, engine, rejected, rejected takeoff, thrust, power, runway, flight","Cluster 43 contains 130 reports, mostly in the takeoff / launch phase. Likely cause drivers are system / equipment reliability, airspace conflict / traffic separation. The recurring event pattern is aircraft equipment problem critical. Evidence appears in repeated terms: takeoff, engine, rejected, rejected takeoff, thrust, power. Operationally, this points to a repeatable risk pathway where similar triggers are producing similar outcomes across reports in the same cluster. The cluster should be treated as a targeted risk theme for focused mitigations, crew briefing updates, and short-cycle trend monitoring. This is an inferred causal pattern from clustered reports, not a proven single root cause.","Phase: Takeoff / Launch | Anomaly / theme: Aircraft Equipment Problem Critical | Aircraft context: B737-800 | Key terms: takeoff, engine, rejected, rejected takeoff, thrust, power, runway, flight | Dominant anomaly_normalized: system_failure (96.9% of this cluster)",Descriptive only; not proven root cause. Ground claims in Narrative/Synopsis and fields above.,Takeoff / Launch,anomaly_normalized,Dominant anomaly_normalized: system_failure (96.9% of this cluster)
18,123,Final Approach - ATC Issue All Types; Conflict NMAC,Incidents in Final Approach. Common theme: ATC Issue All Types; Conflict NMAC. Aircraft: Commercial Fixed Wing.,"traffic, aircraft, ra, approach, atc, tcas, altitude, flight","Cluster 18 contains 123 reports, mostly in the final approach phase. Likely cause drivers are ATC communication / coordination, airspace conflict / traffic separation. The recurring event pattern is atc issue all types; conflict nmac. Evidence appears in repeated terms: traffic, aircraft, ra, approach, atc, tcas. Operationally, this points to a repeatable risk pathway where similar triggers are producing similar outcomes across reports in the same cluster. The cluster should be treated as a targeted risk theme for focused mitigations, crew briefing updates, and short-cycle trend monitoring. This is an inferred causal pattern from clustered reports, not a proven single root cause.","Phase: Final Approach | Anomaly / theme: ATC Issue All Types; Conflict NMAC | Aircraft context: Commercial Fixed Wing | Key terms: traffic, aircraft, ra, approach, atc, tcas, altitude, flight | Dominant anomaly_normalized: airspace_conflict (97.6% of this cluster)",Descriptive only; not proven root cause. Ground claims in Narrative/Synopsis and fields above.,Final Approach,anomaly_normalized,Dominant anomaly_normalized: airspace_conflict (97.6% of this cluster)
34,120,Cruise - Aircraft Equipment Problem Critical,Incidents in Cruise. Common theme: Aircraft Equipment Problem Critical. Aircraft: EMB ERJ 145 ER/LR.,"cabin, altitude, flight, 000, descent, pressurization, cabin altitude, zzz","Cluster 34 contains 120 reports, mostly in the cruise phase. Likely cause drivers are system / equipment reliability, airspace conflict / traffic separation. The recurring event pattern is aircraft equipment problem critical. Evidence appears in repeated terms: cabin, altitude, flight, 000, descent, pressurization. Operationally, this points to a repeatable risk pathway where similar triggers are producing similar outcomes across reports in the same cluster. The cluster should be treated as a targeted risk theme for focused mitigations, crew briefing updates, and short-cycle trend monitoring. This is an inferred causal pattern from clustered reports, not a proven single root cause.","Phase: Cruise | Anomaly / theme: Aircraft Equipment Problem Critical | Aircraft context: EMB ERJ 145 ER/LR | Key terms: cabin, altitude, flight, 000, descent, pressurization, cabin altitude, zzz | Dominant anomaly_normalized: system_failure (99.2% of this cluster)",Descriptive only; not proven root cause. Ground claims in Narrative/Synopsis and fields above.,Cruise,anomaly_normalized,Dominant anomaly_normalized: system_failure (99.2% of this cluster)
1,118,Parked - Deviation / Discrepancy - Procedural FAR; Deviat...,Incidents in Parked. Common theme: Deviation / Discrepancy - Procedural FAR; Deviation / Discre. Aircraft: Commercial Fixed Wing.,"battery, passenger, bag, flight, lithium, wheelchair, batteries, gate","Cluster 1 contains 118 reports, mostly in the parked phase. Likely cause drivers are procedural compliance / SOP adherence, airspace conflict / traffic separation. The recurring event pattern is deviation / discrepancy - procedural far; deviat.... Evidence appears in repeated terms: battery, passenger, bag, flight, lithium, wheelchair. Operationally, this points to a repeatable risk pathway where similar triggers are producing similar outcomes across reports in the same cluster. The cluster should be treated as a targeted risk theme for focused mitigations, crew briefing updates, and short-cycle trend monitoring. This is an inferred causal pattern from clustered reports, not a proven single root cause.","Phase: Parked | Anomaly / theme: Deviation / Discrepancy - Procedural FAR; Deviation / Discrepancy - Procedural Hazardous Material Violation; Deviation / Discrepancy - Procedural Publ... | Aircraft context: Commercial Fixed Wing | Key terms: battery, passenger, bag, flight, lithium, wheelchair, batteries, gate | Dominant anomaly_normalized: other (91.5% of this cluster)",Descriptive only; not proven root cause. Ground claims in Narrative/Synopsis and fields above.,Parked,anomaly_normalized,Dominant anomaly_normalized: other (91.5% of this cluster)
13,113,Cruise - Aircraft Equipment Problem Critical; Inflight Ev...,Incidents in Cruise. Common theme: Aircraft Equipment Problem Critical; Inflight Event / Encoun. Aircraft: Skyhawk 172/Cutlass 172.,"fuel, tank, engine, flight, zzz, left, leak, landing","Cluster 13 contains 113 reports, mostly in the cruise phase. Likely cause drivers are system / equipment reliability, airspace conflict / traffic separation. The recurring event pattern is aircraft equipment problem critical; inflight ev.... Evidence appears in repeated terms: fuel, tank, engine, flight, zzz, left. Operationally, this points to a repeatable risk pathway where similar triggers are producing similar outcomes across reports in the same cluster. The cluster should be treated as a targeted risk theme for focused mitigations, crew briefing updates, and short-cycle trend monitoring. This is an inferred causal pattern from clustered reports, not a proven single root cause.","Phase: Cruise | Anomaly / theme: Aircraft Equipment Problem Critical; Inflight Event / Encounter Fuel Issue | Aircraft context: Skyhawk 172/Cutlass 172 | Key terms: fuel, tank, engine, flight, zzz, left, leak, landing | Dominant anomaly_normalized: system_failure (96.5% of this cluster)",Descriptive only; not proven root cause. Ground claims in Narrative/Synopsis and fields above.,Cruise,anomaly_normalized,Dominant anomaly_normalized: system_failure (96.5% of this cluster)
25,103,Cruise - Aircraft Equipment Problem Critical,Incidents in Cruise. Common theme: Aircraft Equipment Problem Critical. Aircraft: B737-800.,"oil, engine, pressure, oil pressure, flight, zzz, landing, aircraft","Cluster 25 contains 103 reports, mostly in the cruise phase. Likely cause drivers are system / equipment reliability, airspace conflict / traffic separation. The recurring event pattern is aircraft equipment problem critical. Evidence appears in repeated terms: oil, engine, pressure, oil pressure, flight, zzz. Operationally, this points to a repeatable risk pathway where similar triggers are producing similar outcomes across reports in the same cluster. The cluster should be treated as a targeted risk theme for focused mitigations, crew briefing updates, and short-cycle trend monitoring. This is an inferred causal pattern from clustered reports, not a proven single root cause.","Phase: Cruise | Anomaly / theme: Aircraft Equipment Problem Critical | Aircraft context: B737-800 | Key terms: oil, engine, pressure, oil pressure, flight, zzz, landing, aircraft | Dominant anomaly_normalized: system_failure (100.0% of this cluster)",Descriptive only; not proven root cause. Ground claims in Narrative/Synopsis and fields above.,Cruise,anomaly_normalized,Dominant anomaly_normalized: system_failure (100.0% of this cluster)
39,98,Landing - Deviation / Discrepancy - Procedural Published ...,Incidents in Landing. Common theme: Deviation / Discrepancy - Procedural Published Material / Po. Aircraft: Skyhawk 172/Cutlass 172.,"runway, aircraft, landing, wind, crosswind, left, control, right","Cluster 39 contains 98 reports, mostly in the landing phase. Likely cause drivers are procedural compliance / SOP adherence, airspace conflict / traffic separation. The recurring event pattern is deviation / discrepancy - procedural published .... Evidence appears in repeated terms: runway, aircraft, landing, wind, crosswind, left. Operationally, this points to a repeatable risk pathway where similar triggers are producing similar outcomes across reports in the same cluster. The cluster should be treated as a targeted risk theme for focused mitigations, crew briefing updates, and short-cycle trend monitoring. This is an inferred causal pattern from clustered reports, not a proven single root cause.","Phase: Landing | Anomaly / theme: Deviation / Discrepancy - Procedural Published Material / Policy; Ground Event / Encounter Loss Of Aircraft Control; Ground Event / Encounter Weather ... | Aircraft context: Skyhawk 172/Cutlass 172 | Key terms: runway, aircraft, landing, wind, crosswind, left, control, right | Dominant anomaly_normalized: other (77.6% of this cluster)",Descriptive only; not proven root cause. Ground claims in Narrative/Synopsis and fields above.,Landing,anomaly_normalized,Dominant anomaly_normalized: other (77.6% of this cluster)
35,98,Cruise - Aircraft Equipment Problem Critical,Incidents in Cruise. Common theme: Aircraft Equipment Problem Critical. Aircraft: A320.,"hydraulic, landing, gear, flight, zzz, hyd, aircraft, pressure","Cluster 35 contains 98 reports, mostly in the cruise phase. Likely cause drivers are system / equipment reliability, airspace conflict / traffic separation. The recurring event pattern is aircraft equipment problem critical. Evidence appears in repeated terms: hydraulic, landing, gear, flight, zzz, hyd. Operationally, this points to a repeatable risk pathway where similar triggers are producing similar outcomes across reports in the same cluster. The cluster should be treated as a targeted risk theme for focused mitigations, crew briefing updates, and short-cycle trend monitoring. This is an inferred causal pattern from clustered reports, not a proven single root cause.","Phase: Cruise | Anomaly / theme: Aircraft Equipment Problem Critical | Aircraft context: A320 | Key terms: hydraulic, landing, gear, flight, zzz, hyd, aircraft, pressure | Dominant anomaly_normalized: system_failure (99.0% of this cluster)",Descriptive only; not proven root cause. Ground claims in Narrative/Synopsis and fields above.,Cruise,anomaly_normalized,Dominant anomaly_normalized: system_failure (99.0% of this cluster)
16,87,Landing - Aircraft Equipment Problem Critical,Incidents in Landing. Common theme: Aircraft Equipment Problem Critical. Aircraft: Skyhawk 172/Cutlass 172.,"runway, landing, aircraft, flight, approach, gear, pilot, zzz","Cluster 16 contains 87 reports, mostly in the landing phase. Likely cause drivers are system / equipment reliability, airspace conflict / traffic separation. The recurring event pattern is aircraft equipment problem critical. Evidence appears in repeated terms: runway, landing, aircraft, flight, approach, gear. Operationally, this points to a repeatable risk pathway where similar triggers are producing similar outcomes across reports in the same cluster. The cluster should be treated as a targeted risk theme for focused mitigations, crew briefing updates, and short-cycle trend monitoring. This is an inferred causal pattern from clustered reports, not a proven single root cause.","Phase: Landing | Anomaly / theme: Aircraft Equipment Problem Critical | Aircraft context: Skyhawk 172/Cutlass 172 | Key terms: runway, landing, aircraft, flight, approach, gear, pilot, zzz | Dominant anomaly_normalized: system_failure (49.4% of this cluster)",Descriptive only; not proven root cause. Ground claims in Narrative/Synopsis and fields above.,Landing,anomaly_normalized,Dominant anomaly_normalized: system_failure (49.4% of this cluster)
30,87,Cruise - Aircraft Equipment Problem Critical,Incidents in Cruise. Common theme: Aircraft Equipment Problem Critical. Aircraft: B737 Undifferentiated or Other Model.,"flight, aircraft, control, atc, crew, autopilot, captain, zzz","Cluster 30 contains 87 reports, mostly in the cruise phase. Likely cause drivers are system / equipment reliability, ATC communication / coordination. The recurring event pattern is aircraft equipment problem critical. Evidence appears in repeated terms: flight, aircraft, control, atc, crew, autopilot. Operationally, this points to a repeatable risk pathway where similar triggers are producing similar outcomes across reports in the same cluster. The cluster should be treated as a targeted risk theme for focused mitigations, crew briefing updates, and short-cycle trend monitoring. This is an inferred causal pattern from clustered reports, not a proven single root cause.","Phase: Cruise | Anomaly / theme: Aircraft Equipment Problem Critical | Aircraft context: B737 Undifferentiated or Other Model | Key terms: flight, aircraft, control, atc, crew, autopilot, captain, zzz | Dominant anomaly_normalized: system_failure (97.7% of this cluster)",Descriptive only; not proven root cause. Ground claims in Narrative/Synopsis and fields above.,Cruise,anomaly_normalized,Dominant anomaly_normalized: system_failure (97.7% of this cluster)
6,79,Cruise - Aircraft Equipment Problem Critical,Incidents in Cruise. Common theme: Aircraft Equipment Problem Critical. Aircraft: EMB ERJ 170/175 ER/LR.,"windshield, window, flight, captain, zzz, cracked, qrh, crack","Cluster 6 contains 79 reports, mostly in the cruise phase. Likely cause drivers are system / equipment reliability, airspace conflict / traffic separation. The recurring event pattern is aircraft equipment problem critical. Evidence appears in repeated terms: windshield, window, flight, captain, zzz, cracked. Operationally, this points to a repeatable risk pathway where similar triggers are producing similar outcomes across reports in the same cluster. The cluster should be treated as a targeted risk theme for focused mitigations, crew briefing updates, and short-cycle trend monitoring. This is an inferred causal pattern from clustered reports, not a proven single root cause.","Phase: Cruise | Anomaly / theme: Aircraft Equipment Problem Critical | Aircraft context: EMB ERJ 170/175 ER/LR | Key terms: windshield, window, flight, captain, zzz, cracked, qrh, crack | Dominant anomaly_normalized: system_failure (98.7% of this cluster)",Descriptive only; not proven root cause. Ground claims in Narrative/Synopsis and fields above.,Cruise,anomaly_normalized,Dominant anomaly_normalized: system_failure (98.7% of this cluster)
22,71,Parked - Aircraft Equipment Problem Critical,Incidents in Parked. Common theme: Aircraft Equipment Problem Critical. Aircraft: B737 Undifferentiated or Other Model.,"aircraft, flight, engine, crew, cabin, captain, air, gate","Cluster 22 contains 71 reports, mostly in the parked phase. Likely cause drivers are system / equipment reliability, airspace conflict / traffic separation. The recurring event pattern is aircraft equipment problem critical. Evidence appears in repeated terms: aircraft, flight, engine, crew, cabin, captain. Operationally, this points to a repeatable risk pathway where similar triggers are producing similar outcomes across reports in the same cluster. The cluster should be treated as a targeted risk theme for focused mitigations, crew briefing updates, and short-cycle trend monitoring. This is an inferred causal pattern from clustered reports, not a proven single root cause.","Phase: Parked | Anomaly / theme: Aircraft Equipment Problem Critical | Aircraft context: B737 Undifferentiated or Other Model | Key terms: aircraft, flight, engine, crew, cabin, captain, air, gate | Dominant anomaly_normalized: system_failure (76.1% of this cluster)",Descriptive only; not proven root cause. Ground claims in Narrative/Synopsis and fields above.,Parked,anomaly_normalized,Dominant anomaly_normalized: system_failure (76.1% of this cluster)
36,63,Taxi - Aircraft Equipment Problem Critical; Ground Event ...,Incidents in Taxi. Common theme: Aircraft Equipment Problem Critical; Ground Event / Encounte. Aircraft: Skyhawk 172/Cutlass 172.,"brake, aircraft, runway, taxiway, taxi, right, left, brakes","Cluster 36 contains 63 reports, mostly in the taxi phase. Likely cause drivers are system / equipment reliability, airspace conflict / traffic separation. The recurring event pattern is aircraft equipment problem critical; ground event .... Evidence appears in repeated terms: brake, aircraft, runway, taxiway, taxi, right. Operationally, this points to a repeatable risk pathway where similar triggers are producing similar outcomes across reports in the same cluster. The cluster should be treated as a targeted risk theme for focused mitigations, crew briefing updates, and short-cycle trend monitoring. This is an inferred causal pattern from clustered reports, not a proven single root cause.","Phase: Taxi | Anomaly / theme: Aircraft Equipment Problem Critical; Ground Event / Encounter Loss Of Aircraft Control; Ground Excursion Taxiway | Aircraft context: Skyhawk 172/Cutlass 172 | Key terms: brake, aircraft, runway, taxiway, taxi, right, left, brakes | Dominant anomaly_normalized: system_failure (82.5% of this cluster)",Descriptive only; not proven root cause. Ground claims in Narrative/Synopsis and fields above.,Taxi,anomaly_normalized,Dominant anomaly_normalized: system_failure (82.5% of this cluster)
31,60,Cruise - Aircraft Equipment Problem Critical,Incidents in Cruise. Common theme: Aircraft Equipment Problem Critical. Aircraft: Skyhawk 172/Cutlass 172.,"flight, zzz, electrical, aircraft, failure, tower, pilot, airport","Cluster 31 contains 60 reports, mostly in the cruise phase. Likely cause drivers are system / equipment reliability, ATC communication / coordination. The recurring event pattern is aircraft equipment problem critical. Evidence appears in repeated terms: flight, zzz, electrical, aircraft, failure, tower. Operationally, this points to a repeatable risk pathway where similar triggers are producing similar outcomes across reports in the same cluster. The cluster should be treated as a targeted risk theme for focused mitigations, crew briefing updates, and short-cycle trend monitoring. This is an inferred causal pattern from clustered reports, not a proven single root cause.","Phase: Cruise | Anomaly / theme: Aircraft Equipment Problem Critical | Aircraft context: Skyhawk 172/Cutlass 172 | Key terms: flight, zzz, electrical, aircraft, failure, tower, pilot, airport | Dominant anomaly_normalized: system_failure (98.3% of this cluster)",Descriptive only; not proven root cause. Ground claims in Narrative/Synopsis and fields above.,Cruise,anomaly_normalized,Dominant anomaly_normalized: system_failure (98.3% of this cluster)
42,58,Initial Climb - Aircraft Equipment Problem Critical,Incidents in Initial Climb. Common theme: Aircraft Equipment Problem Critical. Aircraft: Skyhawk 172/Cutlass 172.,"engine, runway, power, instructor, flight, aircraft, takeoff, landing","Cluster 42 contains 58 reports, mostly in the initial climb phase. Likely cause drivers are system / equipment reliability, airspace conflict / traffic separation. The recurring event pattern is aircraft equipment problem critical. Evidence appears in repeated terms: engine, runway, power, instructor, flight, aircraft. Operationally, this points to a repeatable risk pathway where similar triggers are producing similar outcomes across reports in the same cluster. The cluster should be treated as a targeted risk theme for focused mitigations, crew briefing updates, and short-cycle trend monitoring. This is an inferred causal pattern from clustered reports, not a proven single root cause.","Phase: Initial Climb | Anomaly / theme: Aircraft Equipment Problem Critical | Aircraft context: Skyhawk 172/Cutlass 172 | Key terms: engine, runway, power, instructor, flight, aircraft, takeoff, landing | Dominant anomaly_normalized: system_failure (89.7% of this cluster)",Descriptive only; not proven root cause. Ground claims in Narrative/Synopsis and fields above.,Initial Climb,anomaly_normalized,Dominant anomaly_normalized: system_failure (89.7% of this cluster)
37,50,Descent - ATC Issue All Types; Deviation / Discrepancy - ...,Incidents in Descent. Common theme: ATC Issue All Types; Deviation / Discrepancy - Procedural Pu. Aircraft: Commercial Fixed Wing.,"aircraft, altitude, approach, mva, mia, traffic, issued, alert","Cluster 37 contains 50 reports, mostly in the descent phase. Likely cause drivers are procedural compliance / SOP adherence, ATC communication / coordination. The recurring event pattern is atc issue all types; deviation / discrepancy - .... Evidence appears in repeated terms: aircraft, altitude, approach, mva, mia, traffic. Operationally, this points to a repeatable risk pathway where similar triggers are producing similar outcomes across reports in the same cluster. The cluster should be treated as a targeted risk theme for focused mitigations, crew briefing updates, and short-cycle trend monitoring. This is an inferred causal pattern from clustered reports, not a proven single root cause.","Phase: Descent | Anomaly / theme: ATC Issue All Types; Deviation / Discrepancy - Procedural Published Material / Policy; Inflight Event / Encounter CFTT / CFIT | Aircraft context: Commercial Fixed Wing | Key terms: aircraft, altitude, approach, mva, mia, traffic, issued, alert | Dominant anomaly_normalized: other (74.0% of this cluster)",Descriptive only; not proven root cause. Ground claims in Narrative/Synopsis and fields above.,Descent,anomaly_normalized,Dominant anomaly_normalized: other (74.0% of this cluster)
27,47,Cruise - Deviation / Discrepancy - Procedural FAR; Deviat...,Incidents in Cruise. Common theme: Deviation / Discrepancy - Procedural FAR; Deviation / Discre. Aircraft: Skyhawk 172/Cutlass 172.,"student, altitude, flight, area, feet, engine, instructor, pilot","Cluster 27 contains 47 reports, mostly in the cruise phase. Likely cause drivers are system / equipment reliability, procedural compliance / SOP adherence. The recurring event pattern is deviation / discrepancy - procedural far; deviat.... Evidence appears in repeated terms: student, altitude, flight, area, feet, engine. Operationally, this points to a repeatable risk pathway where similar triggers are producing similar outcomes across reports in the same cluster. The cluster should be treated as a targeted risk theme for focused mitigations, crew briefing updates, and short-cycle trend monitoring. This is an inferred causal pattern from clustered reports, not a proven single root cause.","Phase: Cruise | Anomaly / theme: Deviation / Discrepancy - Procedural FAR; Deviation / Discrepancy - Procedural Published Material / Policy; Inflight Event / Encounter CFTT / CFIT | Aircraft context: Skyhawk 172/Cutlass 172 | Key terms: student, altitude, flight, area, feet, engine, instructor, pilot | Dominant anomaly_normalized: other (85.1% of this cluster)",Descriptive only; not proven root cause. Ground claims in Narrative/Synopsis and fields above.,Cruise,anomaly_normalized,Dominant anomaly_normalized: other (85.1% of this cluster)
26,41,Cruise - ATC Issue All Types; Deviation - Track / Heading...,Incidents in Cruise. Common theme: ATC Issue All Types; Deviation - Track / Heading All Types;. Aircraft: Commercial Fixed Wing.,"fix, departure, direct, flight, atc, route, aircraft, clearance","Cluster 26 contains 41 reports, mostly in the cruise phase. Likely cause drivers are procedural compliance / SOP adherence, ATC communication / coordination. The recurring event pattern is atc issue all types; deviation - track / heading.... Evidence appears in repeated terms: fix, departure, direct, flight, atc, route. Operationally, this points to a repeatable risk pathway where similar triggers are producing similar outcomes across reports in the same cluster. The cluster should be treated as a targeted risk theme for focused mitigations, crew briefing updates, and short-cycle trend monitoring. This is an inferred causal pattern from clustered reports, not a proven single root cause.","Phase: Cruise | Anomaly / theme: ATC Issue All Types; Deviation - Track / Heading All Types; Deviation / Discrepancy - Procedural Clearance; Deviation / Discrepancy - Procedural Publi... | Aircraft context: Commercial Fixed Wing | Key terms: fix, departure, direct, flight, atc, route, aircraft, clearance | Dominant anomaly_normalized: other (85.4% of this cluster)",Descriptive only; not proven root cause. Ground claims in Narrative/Synopsis and fields above.,Cruise,anomaly_normalized,Dominant anomaly_normalized: other (85.4% of this cluster)
7,40,Climb - Aircraft Equipment Problem Critical,Incidents in Climb. Common theme: Aircraft Equipment Problem Critical. Aircraft: B737 Undifferentiated or Other Model.,"vibration, flight, zzz, aircraft, noise, maintenance, landing, captain","Cluster 7 contains 40 reports, mostly in the climb phase. Likely cause drivers are system / equipment reliability, airspace conflict / traffic separation. The recurring event pattern is aircraft equipment problem critical. Evidence appears in repeated terms: vibration, flight, zzz, aircraft, noise, maintenance. Operationally, this points to a repeatable risk pathway where similar triggers are producing similar outcomes across reports in the same cluster. The cluster should be treated as a targeted risk theme for focused mitigations, crew briefing updates, and short-cycle trend monitoring. This is an inferred causal pattern from clustered reports, not a proven single root cause.","Phase: Climb | Anomaly / theme: Aircraft Equipment Problem Critical | Aircraft context: B737 Undifferentiated or Other Model | Key terms: vibration, flight, zzz, aircraft, noise, maintenance, landing, captain | Dominant anomaly_normalized: system_failure (100.0% of this cluster)",Descriptive only; not proven root cause. Ground claims in Narrative/Synopsis and fields above.,Climb,anomaly_normalized,Dominant anomaly_normalized: system_failure (100.0% of this cluster)
4,40,Cruise - Airspace Violation All Types; Deviation / Discre...,Incidents in Cruise. Common theme: Airspace Violation All Types; Deviation / Discrepancy - Proc. Aircraft: Small UAS (At or above 0.55 lbs and less than 55 l.,"drone, uas, feet, altitude, flight, ft, 400, agl","Cluster 4 contains 40 reports, mostly in the cruise phase. Likely cause drivers are procedural compliance / SOP adherence, airspace conflict / traffic separation. The recurring event pattern is airspace violation all types; deviation / discre.... Evidence appears in repeated terms: drone, uas, feet, altitude, flight, ft. Operationally, this points to a repeatable risk pathway where similar triggers are producing similar outcomes across reports in the same cluster. The cluster should be treated as a targeted risk theme for focused mitigations, crew briefing updates, and short-cycle trend monitoring. This is an inferred causal pattern from clustered reports, not a proven single root cause.","Phase: Cruise | Anomaly / theme: Airspace Violation All Types; Deviation / Discrepancy - Procedural FAR; Deviation / Discrepancy - Procedural Published Material / Policy; Deviation / ... | Aircraft context: Small UAS (At or above 0.55 lbs and less than 55 lbs) | Key terms: drone, uas, feet, altitude, flight, ft, 400, agl | Dominant anomaly_normalized: other (60.0% of this cluster)",Descriptive only; not proven root cause. Ground claims in Narrative/Synopsis and fields above.,Cruise,anomaly_normalized,Dominant anomaly_normalized: other (60.0% of this cluster)
24,37,Climb - Aircraft Equipment Problem Critical,Incidents in Climb. Common theme: Aircraft Equipment Problem Critical. Aircraft: B737 Undifferentiated or Other Model.,"trim, autopilot, flight, control, aircraft, zzz, pitch, nose","Cluster 24 contains 37 reports, mostly in the climb phase. Likely cause drivers are system / equipment reliability, airspace conflict / traffic separation. The recurring event pattern is aircraft equipment problem critical. Evidence appears in repeated terms: trim, autopilot, flight, control, aircraft, zzz. Operationally, this points to a repeatable risk pathway where similar triggers are producing similar outcomes across reports in the same cluster. The cluster should be treated as a targeted risk theme for focused mitigations, crew briefing updates, and short-cycle trend monitoring. This is an inferred causal pattern from clustered reports, not a proven single root cause.","Phase: Climb | Anomaly / theme: Aircraft Equipment Problem Critical | Aircraft context: B737 Undifferentiated or Other Model | Key terms: trim, autopilot, flight, control, aircraft, zzz, pitch, nose | Dominant anomaly_normalized: system_failure (100.0% of this cluster)",Descriptive only; not proven root cause. Ground claims in Narrative/Synopsis and fields above.,Climb,anomaly_normalized,Dominant anomaly_normalized: system_failure (100.0% of this cluster)
20,37,Takeoff / Launch - Aircraft Equipment Problem Critical,Incidents in Takeoff / Launch. Common theme: Aircraft Equipment Problem Critical. Aircraft: B737 Undifferentiated or Other Model.,"rudder, aircraft, takeoff, flight, control, trim, right, left","Cluster 20 contains 37 reports, mostly in the takeoff / launch phase. Likely cause drivers are system / equipment reliability, airspace conflict / traffic separation. The recurring event pattern is aircraft equipment problem critical. Evidence appears in repeated terms: rudder, aircraft, takeoff, flight, control, trim. Operationally, this points to a repeatable risk pathway where similar triggers are producing similar outcomes across reports in the same cluster. The cluster should be treated as a targeted risk theme for focused mitigations, crew briefing updates, and short-cycle trend monitoring. This is an inferred causal pattern from clustered reports, not a proven single root cause.","Phase: Takeoff / Launch | Anomaly / theme: Aircraft Equipment Problem Critical | Aircraft context: B737 Undifferentiated or Other Model | Key terms: rudder, aircraft, takeoff, flight, control, trim, right, left | Dominant anomaly_normalized: system_failure (97.3% of this cluster)",Descriptive only; not proven root cause. Ground claims in Narrative/Synopsis and fields above.,Takeoff / Launch,anomaly_normalized,Dominant anomaly_normalized: system_failure (97.3% of this cluster)
19,34,Cruise - Aircraft Equipment Problem Critical; Inflight Ev...,Incidents in Cruise. Common theme: Aircraft Equipment Problem Critical; Inflight Event / Encoun. Aircraft: EMB ERJ 145 ER/LR.,"ice, icing, anti, anti ice, conditions, wing, icing conditions, qrh","Cluster 19 contains 34 reports, mostly in the cruise phase. Likely cause drivers are system / equipment reliability, airspace conflict / traffic separation. The recurring event pattern is aircraft equipment problem critical; inflight ev.... Evidence appears in repeated terms: ice, icing, anti, anti ice, conditions, wing. Operationally, this points to a repeatable risk pathway where similar triggers are producing similar outcomes across reports in the same cluster. The cluster should be treated as a targeted risk theme for focused mitigations, crew briefing updates, and short-cycle trend monitoring. This is an inferred causal pattern from clustered reports, not a proven single root cause.","Phase: Cruise | Anomaly / theme: Aircraft Equipment Problem Critical; Inflight Event / Encounter Weather / Turbulence | Aircraft context: EMB ERJ 145 ER/LR | Key terms: ice, icing, anti, anti ice, conditions, wing, icing conditions, qrh | Dominant anomaly_normalized: system_failure (100.0% of this cluster)",Descriptive only; not proven root cause. Ground claims in Narrative/Synopsis and fields above.,Cruise,anomaly_normalized,Dominant anomaly_normalized: system_failure (100.0% of this cluster)
21,33,Cruise - Aircraft Equipment Problem Critical,Incidents in Cruise. Common theme: Aircraft Equipment Problem Critical. Aircraft: B737-700.,"apu, generator, flight, power, zzz, aircraft, checklist, drive","Cluster 21 contains 33 reports, mostly in the cruise phase. Likely cause drivers are system / equipment reliability, procedural compliance / SOP adherence. The recurring event pattern is aircraft equipment problem critical. Evidence appears in repeated terms: apu, generator, flight, power, zzz, aircraft. Operationally, this points to a repeatable risk pathway where similar triggers are producing similar outcomes across reports in the same cluster. The cluster should be treated as a targeted risk theme for focused mitigations, crew briefing updates, and short-cycle trend monitoring. This is an inferred causal pattern from clustered reports, not a proven single root cause.","Phase: Cruise | Anomaly / theme: Aircraft Equipment Problem Critical | Aircraft context: B737-700 | Key terms: apu, generator, flight, power, zzz, aircraft, checklist, drive | Dominant anomaly_normalized: system_failure (97.0% of this cluster)",Descriptive only; not proven root cause. Ground claims in Narrative/Synopsis and fields above.,Cruise,anomaly_normalized,Dominant anomaly_normalized: system_failure (97.0% of this cluster)
11,32,Final Approach - Aircraft Equipment Problem Critical,Incidents in Final Approach. Common theme: Aircraft Equipment Problem Critical. Aircraft: B737 Undifferentiated or Other Model.,"flaps, flap, approach, landing, flight, zzz, checklist, aircraft","Cluster 11 contains 32 reports, mostly in the final approach phase. Likely cause drivers are system / equipment reliability, procedural compliance / SOP adherence. The recurring event pattern is aircraft equipment problem critical. Evidence appears in repeated terms: flaps, flap, approach, landing, flight, zzz. Operationally, this points to a repeatable risk pathway where similar triggers are producing similar outcomes across reports in the same cluster. The cluster should be treated as a targeted risk theme for focused mitigations, crew briefing updates, and short-cycle trend monitoring. This is an inferred causal pattern from clustered reports, not a proven single root cause.","Phase: Final Approach | Anomaly / theme: Aircraft Equipment Problem Critical | Aircraft context: B737 Undifferentiated or Other Model | Key terms: flaps, flap, approach, landing, flight, zzz, checklist, aircraft | Dominant anomaly_normalized: system_failure (96.9% of this cluster)",Descriptive only; not proven root cause. Ground claims in Narrative/Synopsis and fields above.,Final Approach,anomaly_normalized,Dominant anomaly_normalized: system_failure (96.9% of this cluster)
10,32,Cruise - Aircraft Equipment Problem Critical,Incidents in Cruise. Common theme: Aircraft Equipment Problem Critical. Aircraft: A320.,"engine, ecam, takeoff, flight, maintenance, aircraft, eng, thrust","Cluster 10 contains 32 reports, mostly in the cruise phase. Likely cause drivers are system / equipment reliability, airspace conflict / traffic separation. The recurring event pattern is aircraft equipment problem critical. Evidence appears in repeated terms: engine, ecam, takeoff, flight, maintenance, aircraft. Operationally, this points to a repeatable risk pathway where similar triggers are producing similar outcomes across reports in the same cluster. The cluster should be treated as a targeted risk theme for focused mitigations, crew briefing updates, and short-cycle trend monitoring. This is an inferred causal pattern from clustered reports, not a proven single root cause.","Phase: Cruise | Anomaly / theme: Aircraft Equipment Problem Critical | Aircraft context: A320 | Key terms: engine, ecam, takeoff, flight, maintenance, aircraft, eng, thrust | Dominant anomaly_normalized: system_failure (100.0% of this cluster)",Descriptive only; not proven root cause. Ground claims in Narrative/Synopsis and fields above.,Cruise,anomaly_normalized,Dominant anomaly_normalized: system_failure (100.0% of this cluster)
14,31,Final Approach - Deviation / Discrepancy - Procedural Pub...,Incidents in Final Approach. Common theme: Deviation / Discrepancy - Procedural Published Material / Po. Aircraft: Commercial Fixed Wing.,"approach, flaps, aircraft, airspeed, speed, wind, windshear, flap","Cluster 14 contains 31 reports, mostly in the final approach phase. Likely cause drivers are system / equipment reliability, procedural compliance / SOP adherence. The recurring event pattern is deviation / discrepancy - procedural pub.... Evidence appears in repeated terms: approach, flaps, aircraft, airspeed, speed, wind. Operationally, this points to a repeatable risk pathway where similar triggers are producing similar outcomes across reports in the same cluster. The cluster should be treated as a targeted risk theme for focused mitigations, crew briefing updates, and short-cycle trend monitoring. This is an inferred causal pattern from clustered reports, not a proven single root cause.","Phase: Final Approach | Anomaly / theme: Deviation / Discrepancy - Procedural Published Material / Policy; Inflight Event / Encounter Unstabilized Approach; Inflight Event / Encounter CFTT / ... | Aircraft context: Commercial Fixed Wing | Key terms: approach, flaps, aircraft, airspeed, speed, wind, windshear, flap | Dominant anomaly_normalized: other (83.9% of this cluster)",Descriptive only; not proven root cause. Ground claims in Narrative/Synopsis and fields above.,Final Approach,anomaly_normalized,Dominant anomaly_normalized: other (83.9% of this cluster)
